peptide_id,sequence,netCharge,FC,LW,DP,NK,AE,pcMK,_SolventAccessibilityD1025,tau2_GRAR740104,tau4_GRAR740104,QSO50_GRAR740104,QSO29_GRAR740104
AMP_1,FFFLSRIF,1,0.0,0.0,0.0,0.0,0.0,0.0,12.5,0.0,0.0,0,0
AMP_10,ILGTILGLLKSL,1,0.0,0.0,0.0,0.0,0.0,0.0,16.667,0.0,0.0,0,0
AMP_100,RQRVEELSKFSKKGAAARRRK,7,0.0,0.0,0.0,0.0,0.0,0.0,19.048,0.0,0.0,0,0
AMP_101,TRSSRAGLQFPVGRVHRLLRK,7,0.0,0.0,0.0,0.0,0.0,0.0,33.333,0.0,0.0,0,0
AMP_102,FFHHIFRGIVHVGKTIHKLVTG,7,0.0,0.0,0.0,0.0,0.0,0.0,22.727,0.0,0.0,0,0
AMP_103,FFHHIFRGIVHVGKTIHRLVTG,7,0.0,0.0,0.0,0.0,0.0,0.0,22.727,0.0,0.0,0,0
AMP_104,FIHHIFRGIVHAGRSIGRFLTG,6,0.0,0.0,0.0,0.0,0.0,0.0,22.727,0.0,0.0,0,0
AMP_105,GAARKSIRLHRLYTWKATIYTR,7,0.0,0.0,0.0,0.0,0.0,0.0,9.091,0.0,0.0,0,0
AMP_106,GLFVGVLAKVAAHVVPAIAEHF,2,0.0,0.0,0.0,0.0,4.76,0.0,18.182,0.0,0.0,0,0
AMP_107,LGAWLAGKVAGTVATYAWNRYV,2,0.0,0.0,0.0,0.0,0.0,0.0,13.636,0.0,0.0,0,0
AMP_108,MQFITDLIKKAVDFFKGLFGNK,2,0.0,0.0,0.0,4.76,0.0,0.2,31.818,0.0,0.0,0,0
AMP_109,YSLQMGATAIKQVKKLFKKKGG,6,0.0,0.0,0.0,0.0,0.0,0.14285714285714285,27.273,0.0,0.0,0,0
AMP_11,ILPIRSLIKKLL,3,0.0,0.0,0.0,0.0,0.0,0.0,8.333,0.0,0.0,0,0
AMP_110,AFKLLGRIIHHVGNFVYGFSHVF,5,0.0,0.0,0.0,0.0,0.0,0.0,17.391,0.0,0.0,0,0
AMP_111,FLRFIGSVIHGIGHLVHHIGVAL,5,0.0,0.0,0.0,0.0,0.0,0.0,21.739,0.0,0.0,0,0
AMP_112,GIGKFLHSAKKFGKAFVGEIMNS,4,0.0,0.0,0.0,0.0,0.0,0.2,13.043,0.0,0.0,0,0
AMP_113,GINTLKKVIQGLHEVIKLVSNHA,4,0.0,0.0,0.0,0.0,0.0,0.0,21.739,0.0,0.0,0,0
AMP_114,GINTLKKVIQGLHEVIKLVSNHE,3,0.0,0.0,0.0,0.0,0.0,0.0,8.696,0.0,0.0,0,0
AMP_115,GLWQKIKSAAGDLASGIVEGIKS,1,0.0,4.55,0.0,0.0,0.0,0.0,13.043,0.0,0.0,0,0
AMP_116,LFKLLGKIIHHVGNFVHGFSHVF,6,0.0,0.0,0.0,0.0,0.0,0.0,17.391,0.0,0.0,0,0
AMP_117,LLGDFFRKSKEKIGKEFKRIVQR,5,0.0,0.0,0.0,0.0,0.0,0.0,8.696,0.0,0.0,0,0
AMP_118,RIIDLLWRVRRPQKPKFVTVWVR,6,0.0,4.55,0.0,0.0,0.0,0.0,13.043,0.0,0.0,0,0
AMP_119,VFHLLGKIIHHVGNFVYGFSHVF,5,0.0,0.0,0.0,0.0,0.0,0.0,17.391,0.0,0.0,0,0
AMP_12,FKRIVQRIKDFLR,4,0.0,0.0,0.0,0.0,0.0,0.0,7.692,0.0,0.0,0,0
AMP_120,VFQFLGKIIHHVGNFVHGFSHVF,5,0.0,0.0,0.0,0.0,0.0,0.0,17.391,0.0,0.0,0,0
AMP_121,VFQFLGRIIHHVGNFVHGFSHVF,5,0.0,0.0,0.0,0.0,0.0,0.0,17.391,0.0,0.0,0,0
AMP_122,DSHAKRHHGYKRKFHEKHHSHRGY,12,0.0,0.0,0.0,0.0,0.0,0.0,16.667,0.0,0.0,0,0
AMP_123,FLPILASLAAKFGPKLFCLVTKKC,4,4.35,0.0,0.0,0.0,0.0,0.0,20.833,0.0,0.0,0,0
AMP_124,FWGALAKGALKLIPSLFSSFSKKD,3,0.0,0.0,0.0,0.0,0.0,0.0,12.5,0.0,0.0,0,0
AMP_125,GLFGVLGSIAKHVLPHVVPVIAEK,3,0.0,0.0,0.0,0.0,4.35,0.0,16.667,0.0,0.0,0,0
AMP_126,GLFKVLGSVAKHLLPHVAPVIAEK,4,0.0,0.0,0.0,0.0,4.35,0.0,12.5,0.0,0.0,0,0
AMP_127,GLFKVLGSVAKHLLPHVVPVIAEK,4,0.0,0.0,0.0,0.0,4.35,0.0,12.5,0.0,0.0,0,0
AMP_128,GLFSVLGAVAKHVLPHVVPVIAEK,3,0.0,0.0,0.0,0.0,4.35,0.0,20.833,0.0,0.0,0,0
AMP_129,GLKDKFKSMGEKLKQYIQTWKAKF,5,0.0,0.0,0.0,0.0,0.0,0.125,8.333,0.0,0.0,0,0
AMP_13,FLGALWNVAKSVF,1,0.0,8.33,0.0,0.0,0.0,0.0,15.385,0.0,0.0,0,0
AMP_130,GLLNGLALRLGKRALKKIIKRLCR,8,0.0,0.0,0.0,0.0,0.0,0.0,12.5,0.0,0.0,0,0
AMP_131,GLNALKKVFQGIHEAIKLINNHVQ,4,0.0,0.0,0.0,0.0,0.0,0.0,16.667,0.0,0.0,0,0
AMP_132,GLNTLKKVFQGLHEAIKLINNHVQ,4,0.0,0.0,0.0,0.0,0.0,0.0,20.833,0.0,0.0,0,0
AMP_133,GLRSKIWLWVLLMIWQESNKFKKM,4,0.0,4.35,0.0,4.35,0.0,0.3333333333333333,25.0,0.0,0.0,0,0
AMP_134,LLKELWTKIKGAGKAVLGKIKGLL,5,0.0,4.35,0.0,0.0,0.0,0.0,25.0,0.0,0.0,0,0
AMP_135,RKGWFKAMKSIAKFIAKEKLKEHL,7,0.0,0.0,0.0,0.0,0.0,0.125,16.667,0.0,0.0,0,0
AMP_136,RRWVRRVRRWVRRVVRVVRRWVRR,13,0.0,0.0,0.0,0.0,0.0,0.0,16.667,0.0,0.0,0,0
AMP_137,SLKDKVKSMGEKLKQYIQTWKAKF,5,0.0,0.0,0.0,0.0,0.0,0.125,25.0,0.0,0.0,0,0
AMP_138,VIPFVASVAAEMMHHVYCAASKRC,3,0.0,0.0,0.0,0.0,4.35,0.6666666666666666,16.667,0.0,0.0,0,0
AMP_139,WRSLGRTLLRLSHALKPLARRSGW,7,0.0,0.0,0.0,0.0,0.0,0.0,20.833,0.0,0.0,0,0
AMP_14,FLPIVTNLLSGLL,0,0.0,0.0,0.0,0.0,0.0,0.0,15.385,0.0,0.0,0,0
AMP_140,FFGSLLSLGSKLLPSVFKLFQRKKE,4,0.0,0.0,0.0,0.0,0.0,0.0,12.0,0.0,0.0,0,0
AMP_141,FFGWLIKGAIHAGKAIHGLIHRRRH,9,0.0,0.0,0.0,0.0,0.0,0.0,16.0,0.0,0.0,0,0
AMP_142,FFGWLIRGAIHAGKAIHGLIHRRRH,9,0.0,0.0,0.0,0.0,0.0,0.0,16.0,0.0,0.0,0,0
AMP_143,GAWKNFWSSLRKGFYDGEAGRAIRR,4,0.0,0.0,0.0,0.0,0.0,0.0,12.0,0.0,0.0,0,0
AMP_144,GIGAAILSAGKSALKGLAKGLAEHF,3,0.0,0.0,0.0,0.0,4.17,0.0,16.0,0.0,0.0,0,0
AMP_145,GIGAAILSAGKSIIKGLANGLAEHF,2,0.0,0.0,0.0,0.0,4.17,0.0,16.0,0.0,0.0,0,0
AMP_146,GLLGVLGSVAKHVLPHVVPVIAEHL,3,0.0,0.0,0.0,0.0,4.17,0.0,16.0,0.0,0.0,0,0
AMP_147,GLLSSLSSVAKHVLPHVVPVIAEHL,3,0.0,0.0,0.0,0.0,4.17,0.0,12.0,0.0,0.0,0,0
AMP_148,GLLSVLGSVAKHVLPHVVPVIAEHL,3,0.0,0.0,0.0,0.0,4.17,0.0,20.0,0.0,0.0,0,0
AMP_149,GLLSVLGSVAQHVLPHVVPVIAEHL,2,0.0,0.0,0.0,0.0,4.17,0.0,20.0,0.0,0.0,0,0
AMP_15,FLPLIGRVLSGIL,1,0.0,0.0,0.0,0.0,0.0,0.0,15.385,0.0,0.0,0,0
AMP_150,GLLSVLGSVVKHVIPHVVPVIAEHL,3,0.0,0.0,0.0,0.0,4.17,0.0,20.0,0.0,0.0,0,0
AMP_151,GVVDILKGAAKDIAGHLASKVMNKL,3,0.0,0.0,0.0,4.17,0.0,0.2,12.0,0.0,0.0,0,0
AMP_152,GWGSFFKKAAHVGKHVGKAALTHYL,7,0.0,0.0,0.0,0.0,0.0,0.0,12.0,0.0,0.0,0,0
AMP_153,HVDKKVADKVLLLKQLRIMRLLTRL,6,0.0,0.0,0.0,0.0,0.0,0.2,28.0,0.0,0.0,0,0
AMP_154,IWLTALKFLGKHAAKHLAKQQLSKL,7,0.0,0.0,0.0,0.0,0.0,0.0,12.0,0.0,0.0,0,0
AMP_155,KRRGSVTTRYQFLMIHLLRPKKLFA,8,0.0,0.0,0.0,0.0,0.0,0.25,24.0,0.0,0.0,0,0
AMP_156,NLVSGLIEARKYLEQLHRKLKNCKV,5,0.0,0.0,0.0,0.0,0.0,0.0,12.0,0.0,0.0,0,0
AMP_157,WLGSALKIGAKLLPSVVGLFKKKKQ,6,0.0,0.0,0.0,0.0,0.0,0.0,12.0,0.0,0.0,0,0
AMP_158,FWGHIWNAVKRVGANALHGAVTGALS,4,0.0,0.0,0.0,0.0,0.0,0.0,19.231,0.0,0.0,0,0
AMP_159,GIGAVLKVLTTGLPALISWIKRKRQQ,5,0.0,0.0,0.0,0.0,0.0,0.0,11.538,0.0,0.0,0,0
AMP_16,FLSGIVGMLGKLF,1,0.0,0.0,0.0,0.0,0.0,0.5,15.385,0.0,0.0,0,0
AMP_160,GLFGKLIKKFGRKAISYAVKKARGKH,10,0.0,0.0,0.0,0.0,0.0,0.0,11.538,0.0,0.0,0,0
AMP_161,GLWNKIKEAASKAAGKAALGFVNEMV,2,0.0,4.0,0.0,4.0,0.0,0.2,23.077,0.0,0.0,0,0
AMP_162,KRFGRLAKSFLRMRILLPRRKILLAS,9,0.0,0.0,0.0,0.0,0.0,0.25,23.077,0.0,0.0,0,0
AMP_163,KSSAYSLQMGATAIKQVKKLFKKWGW,6,0.0,0.0,0.0,0.0,0.0,0.14285714285714285,38.462,0.0,0.0,0,0
AMP_164,RVKRVWPLVIRTVIAGYNLYRAIKKK,8,0.0,0.0,0.0,0.0,0.0,0.0,23.077,0.0,0.0,0,0
AMP_165,SMWSGMWRRKLKKLRNALKKKLKGEK,10,0.0,0.0,0.0,0.0,0.0,0.2,19.231,0.0,0.0,0,0
AMP_166,ALWMTLLKKVLKAAAKALNAVLVGANA,4,0.0,3.85,0.0,0.0,0.0,0.2,22.222,0.0,0.0,0,0
AMP_167,GIGASILSAGKSALKGLAKGLAEHFAN,3,0.0,0.0,0.0,0.0,3.85,0.0,14.815,0.0,0.0,0,0
AMP_168,GIGGVLLSAGKAALKGLAKVLAEKYAN,3,0.0,0.0,0.0,0.0,3.85,0.0,14.815,0.0,0.0,0,0
AMP_169,GIGSAILSAGKSALKGLAKGLAEHFAN,3,0.0,0.0,0.0,0.0,3.85,0.0,18.519,0.0,0.0,0,0
AMP_17,FLSHIAGFLSNLF,1,0.0,0.0,0.0,0.0,0.0,0.0,15.385,0.0,0.0,0,0
AMP_170,GLPRKILCAIAKKKGKCKGPLKLVCKC,9,0.0,0.0,0.0,0.0,0.0,0.0,25.926,0.0,0.0,0,0
AMP_171,GRFKRFRKKFKKLFKKLSPVIPLLHLG,11,0.0,0.0,0.0,0.0,0.0,0.0,22.222,0.0,0.0,0,0
AMP_172,KIKWFKTMKSIAKFIAKEQMKKHLGGE,7,0.0,0.0,0.0,0.0,0.0,0.2,14.815,0.0,0.0,0,0
AMP_173,KRRHWFPLSFQEFLEQLRRFRDQLPFP,4,0.0,0.0,0.0,0.0,0.0,0.0,22.222,0.0,0.0,0,0
AMP_174,MRKEFHNVLSSGQLLADKRPARDYNRK,5,0.0,0.0,0.0,0.0,0.0,0.25,29.63,0.0,0.0,0,0
AMP_175,RFGRFLRKIRRFRPKVTITIQGSARFG,9,0.0,0.0,0.0,0.0,0.0,0.0,18.519,0.0,0.0,0,0
AMP_176,ALWKDILKNVGKAAGKAVLNTVTDMVNQ,2,0.0,3.7,0.0,0.0,0.0,0.2,10.714,0.0,0.0,0,0
AMP_177,GFFGKMKEYFKKFGASFKRRFANLKKRL,9,0.0,0.0,0.0,0.0,0.0,0.125,10.714,0.0,0.0,0,0
AMP_178,GGLRSLGRKILRAWKKYGPIIVPIIRIG,7,0.0,0.0,0.0,0.0,0.0,0.0,21.429,0.0,0.0,0,0
AMP_179,GFMDTAKNVAKNVAVTLIDNLKCKITKAC,3,0.0,0.0,0.0,0.0,0.0,0.16666666666666666,20.69,0.0,0.0,0,0
AMP_18,FLSTLWNAAKSIF,1,0.0,8.33,0.0,0.0,0.0,0.0,15.385,0.0,0.0,0,0
AMP_180,GLWSKIKTAGKSVAKAAAKAAVKAVTNAV,6,0.0,3.57,0.0,0.0,0.0,0.0,20.69,0.0,0.0,0,0
AMP_181,LLGDFFRKSKEKIGKEFKRIVQRIKDFLR,6,0.0,0.0,0.0,0.0,0.0,0.0,10.345,0.0,0.0,0,0
AMP_182,RGLRRLGRKIAHGVKKYGPTVLRIIRIAG,10,0.0,0.0,0.0,0.0,0.0,0.0,24.138,0.0,0.0,0,0
AMP_183,RKCNFLCKLKEKLRTVITSHIDKVLRPQG,7,0.0,0.0,0.0,0.0,0.0,0.0,20.69,0.0,0.0,0,0
AMP_184,RVKRFWPLVPVAINTVAAGINLYKAIRRK,7,0.0,0.0,0.0,0.0,0.0,0.0,27.586,0.0,0.0,0,0
AMP_185,SIGSAFKKALPVAKKIGKAALPIAKAALP,6,0.0,0.0,0.0,0.0,0.0,0.0,20.69,0.0,0.0,0,0
AMP_186,SIGSALKKALPVAKKIGKIALPIAKAALP,6,0.0,0.0,0.0,0.0,0.0,0.0,20.69,0.0,0.0,0,0
AMP_187,ALWKNMLKGIGKLAGKAALGAVKKLVGAES,5,0.0,3.45,0.0,0.0,3.45,0.14285714285714285,30.0,0.0,0.0,0,0
AMP_188,ALWKTIIKGAGKMIGSLAKNLLGSQAQPES,3,0.0,3.45,0.0,0.0,0.0,0.2,20.0,0.0,0.0,0,0
AMP_189,CSTNTFSLSDYWGNNGAWCTLTHECMAWCK,0,0.0,0.0,0.0,0.0,0.0,0.5,26.667,0.0,0.0,0,0
AMP_19,FMPILSCSRFKRC,3,0.0,0.0,0.0,0.0,0.0,0.5,7.692,0.0,0.0,0,0
AMP_190,FNRGGYNFGKSVRHVVDAIGSVAGILKSIR,5,0.0,0.0,0.0,0.0,0.0,0.0,26.667,0.0,0.0,0,0
AMP_191,GIRCPKSWKCKAFKQRVLKRLLAMLRQHAF,10,0.0,0.0,0.0,0.0,0.0,0.16666666666666666,13.333,0.0,0.0,0,0
AMP_192,GNAACVIGCIGSCVISEGIGSLVGTAFTLG,-1,0.0,0.0,0.0,0.0,0.0,0.0,20.0,0.0,0.0,0,0
AMP_193,GWFKKAWRKVKNAGRRVLKGVGIHYGVGLI,9,0.0,0.0,0.0,0.0,0.0,0.0,20.0,0.0,0.0,0,0
AMP_194,GWKDWAKKAGGWLKKKGPGMAKAALKAAMQ,7,0.0,0.0,0.0,0.0,0.0,0.2,20.0,0.0,0.0,0,0
AMP_195,ILQKAVLDCLKAAGSSLSKAAITAIYNKIT,3,0.0,0.0,0.0,3.45,0.0,0.0,20.0,0.0,0.0,0,0
AMP_196,KFFRKLKKSVKKRAKEFFKKPRVIGVSIPF,11,0.0,0.0,0.0,0.0,0.0,0.0,20.0,0.0,0.0,0,0
AMP_197,KSKEKIGKEFKRIVQRIKDFLRNLVPRTES,6,0.0,0.0,0.0,0.0,0.0,0.0,23.333,0.0,0.0,0,0
AMP_198,GWFGKAFRSVSNFYKKHKTYIHAGLSAATLL,7,0.0,0.0,0.0,0.0,0.0,0.0,12.903,0.0,0.0,0,0
AMP_199,RKSKEKIGKEFKRIVQRIKDFLRNLVPRTES,7,0.0,0.0,0.0,0.0,0.0,0.0,25.806,0.0,0.0,0,0
AMP_2,GLLKRIKTLL,3,0.0,0.0,0.0,0.0,0.0,0.0,10.0,0.0,0.0,0,0
AMP_20,FVQWFSKFLGRIL,2,0.0,0.0,0.0,0.0,0.0,0.0,15.385,0.0,0.0,0,0
AMP_200,SWLSKTAKKLENSAKKRISEGIAIAIQGGPR,5,0.0,0.0,0.0,0.0,0.0,0.0,22.581,0.0,0.0,0,0
AMP_201,GILSSFKGVAKGVAKDLAGKLLETLKCKITGC,4,0.0,0.0,0.0,0.0,0.0,0.0,25.0,0.0,0.0,0,0
AMP_202,GILSSFKGVAKGVAKNLAGKLLDELKCKITGC,4,0.0,0.0,0.0,0.0,0.0,0.0,25.0,0.0,0.0,0,0
AMP_203,GLGGAKKNFIIAANKTAPQSVKKTFSCKLYNG,6,0.0,0.0,0.0,3.23,0.0,0.0,12.5,0.0,0.0,0,0
AMP_204,GMWSKIKNAGKAAKAAAKAAGKAALGAVSEAM,5,0.0,0.0,0.0,0.0,0.0,0.25,31.25,0.0,0.0,0,0
AMP_205,GWLRKAAKSVGKFYYKHKYYIKAAWKIGRHAL,11,0.0,0.0,0.0,0.0,0.0,0.0,18.75,0.0,0.0,0,0
AMP_206,GWLRKAAKSVGKFYYKHKYYIKAAWQIGKHAL,10,0.0,0.0,0.0,0.0,0.0,0.0,18.75,0.0,0.0,0,0
AMP_207,GFFALIPKIISSPLFKTLLSAVGSALSSSGEQE,0,0.0,0.0,0.0,0.0,0.0,0.0,12.121,0.0,0.0,0,0
AMP_208,GFFALIPKIISSPLFKTLLSAVGSALSSSGGQE,1,0.0,0.0,0.0,0.0,0.0,0.0,12.121,0.0,0.0,0,0
AMP_209,GLFGRLRDSLQRGGQKILEKAERIWCKIKDIFR,5,0.0,0.0,0.0,0.0,3.12,0.0,12.121,0.0,0.0,0,0
AMP_21,GLFDIIKKIAESF,0,0.0,0.0,0.0,0.0,8.33,0.0,15.385,0.0,0.0,0,0
AMP_210,GLWSKIKAAGKEAAKAAAKAAGKAALNAVSEAV,4,0.0,3.12,0.0,0.0,0.0,0.0,24.242,0.0,0.0,0,0
AMP_211,GLWSKIKEVGKEAAKAAAKAAGKAALGAVSEAV,3,0.0,3.12,0.0,0.0,0.0,0.0,27.273,0.0,0.0,0,0
AMP_212,GVLGAVKDLLIGAGKSAAQSVLKTLSCKLSNDC,2,0.0,0.0,0.0,0.0,0.0,0.0,15.152,0.0,0.0,0,0
AMP_213,QAFQTFKPDWNKIRYDAMKMQTSLGQMKKRFNL,5,0.0,0.0,0.0,3.12,0.0,0.375,9.091,0.0,0.0,0,0
AMP_214,RSGRGECRRQCLRRHEGQPWETQECMRRCRRRG,8,0.0,0.0,0.0,0.0,0.0,1.0,15.152,0.0,0.0,0,0
AMP_215,SLGSFLKGVGTTLASVGKVVSDQFGKLLQAGQG,2,0.0,0.0,0.0,0.0,0.0,0.0,24.242,0.0,0.0,0,0
AMP_216,TITLSTCAILSKPLGNNGYLCTVTKECMPSSCN,1,0.0,0.0,0.0,0.0,0.0,0.3333333333333333,21.212,0.0,0.0,0,0
AMP_217,ALWFTMLKKLGTMALHAGKAALGAAANTISQGTQ,4,0.0,3.03,0.0,0.0,0.0,0.4,20.588,0.0,0.0,0,0
AMP_218,ALWKTMLKKLGTMALHAGKAALGAAADTISQGTQ,4,0.0,3.03,0.0,0.0,0.0,0.3333333333333333,20.588,0.0,0.0,0,0
AMP_219,GETFDKLKEKLKTFYQKLVEKAEDLKGDLKAKLS,2,0.0,0.0,0.0,0.0,3.03,0.0,20.588,0.0,0.0,0,0
AMP_22,GLFDIIKKIAESI,0,0.0,0.0,0.0,0.0,8.33,0.0,15.385,0.0,0.0,0,0
AMP_220,GFKLKGMARISCLPNGQWSNFPPKCIRECAMVSS,4,0.0,0.0,0.0,0.0,0.0,0.4,17.647,0.0,0.0,0,0
AMP_221,GFWKKVGSAAWGGVKAAAKGAAVGGLNALAKHIQ,6,0.0,0.0,0.0,0.0,0.0,0.0,26.471,0.0,0.0,0,0
AMP_222,GLLRKGGEKIGEKLKKIGQKIKNFFQKLVPQPEQ,6,0.0,0.0,0.0,0.0,0.0,0.0,8.824,0.0,0.0,0,0
AMP_223,GLVRKGGEKFGEKLRKIGQKIKEFFQKLALEIEQ,4,0.0,0.0,0.0,0.0,0.0,0.0,17.647,0.0,0.0,0,0
AMP_224,KRFKKFFKKLKKSVKKRAKKFFKKPRVIGVSIPF,16,0.0,0.0,0.0,0.0,0.0,0.0,20.588,0.0,0.0,0,0
AMP_225,KRFKKFFKKLKNSVKKRAKKFFKKPKVIGVTFPF,15,0.0,0.0,0.0,0.0,0.0,0.0,20.588,0.0,0.0,0,0
AMP_226,KRFKKFFKKLKNSVKKRAKKFFKKPRVIGVSIPF,15,0.0,0.0,0.0,0.0,0.0,0.0,20.588,0.0,0.0,0,0
AMP_227,GFGALFKFLAKKVAKTVAKQAAKQGAKYVVNKQME,7,0.0,0.0,0.0,2.94,0.0,0.1111111111111111,11.429,0.0,0.0,0,0
AMP_228,NKGCATCSIGAACLVDGPIPDFEIAGATGLFGLWG,-2,0.0,2.94,0.0,2.94,0.0,0.0,28.571,0.0,0.0,0,0
AMP_229,YPSKPDNPGEDAPAEDMARYYSALRHYINLITRQRY,1,0.0,0.0,0.0,0.0,2.86,0.5,33.333,0.0,0.0,0,0
AMP_23,GLLSLLSLLGKLL,1,0.0,0.0,0.0,0.0,0.0,0.0,15.385,0.0,0.0,0,0
AMP_230,ACDTATCVTHRLAGLLSRSGGVVKNNFVPTNVGSKAF,4,0.0,0.0,0.0,0.0,0.0,0.0,21.622,0.0,0.0,0,0
AMP_231,GFFKKAWRKVKHAGRRVLDTAKGVGRHYVNNWLNRYR,12,0.0,0.0,0.0,0.0,0.0,0.0,16.216,0.0,0.0,0,0
AMP_232,GILDTLKQFAKGVGKDLVKGAAQGVLSTVSCKLAKTC,4,0.0,0.0,0.0,0.0,0.0,0.0,24.324,0.0,0.0,0,0
AMP_233,GKFSGFAKILKSIAKFFKGVGKVRKGFKEASDLDKNQ,7,0.0,0.0,0.0,0.0,0.0,0.0,16.216,0.0,0.0,0,0
AMP_234,GKFSVFGKILRSIAKVFKGVGKVRKQFKTASDLDKNQ,8,0.0,0.0,0.0,0.0,0.0,0.0,16.216,0.0,0.0,0,0
AMP_235,GKFSVFSKILRSIAKVFKGVGKVRKGFKTASDLDKNQ,8,0.0,0.0,0.0,0.0,0.0,0.0,16.216,0.0,0.0,0,0
AMP_236,GKLSGISKVLRAIAKFFKGVGKARKQFKEASDLDKNQ,7,0.0,0.0,0.0,0.0,0.0,0.0,16.216,0.0,0.0,0,0
AMP_237,GLLSRLRDFLSDRGRRLGEKIERIGQKIKDLSEFFQS,3,0.0,0.0,0.0,0.0,0.0,0.0,16.216,0.0,0.0,0,0
AMP_238,GLRKRLRKFRNKIKEKLKKIGQKIQGFVPKLAPRTDY,12,0.0,0.0,0.0,2.78,0.0,0.0,16.216,0.0,0.0,0,0
AMP_239,KCNTATCATQRLANFLVHSSNNFGAILSSTNVGSNTY,3,0.0,0.0,0.0,0.0,0.0,0.0,21.622,0.0,0.0,0,0
AMP_24,IFGAIAGLLKNIF,1,0.0,0.0,0.0,0.0,0.0,0.0,15.385,0.0,0.0,0,0
AMP_240,KWKLFKKIEKVGQNIRDGIIKAGPAVAVVGQATQIAK,6,0.0,0.0,0.0,0.0,0.0,0.0,29.73,0.0,0.0,0,0
AMP_241,LLGDFFRKAREKIGEEFKRIVQRIKDFLRNLVPRTES,4,0.0,0.0,0.0,0.0,0.0,0.0,13.514,0.0,0.0,0,0
AMP_242,LLGDFFRKSKEKIGKEFKRIVQRIKDFLRNLVPRTES,6,0.0,0.0,0.0,0.0,0.0,0.0,8.108,0.0,0.0,0,0
AMP_243,QLGELIQQGGQKIVEKIQKIGQRIRDFFSNLRPRQEA,3,0.0,0.0,0.0,0.0,0.0,0.0,16.216,0.0,0.0,0,0
AMP_244,RLGDILQKAREKIEGGLKKLVQKIKDFFGKFAPRTES,5,0.0,0.0,0.0,0.0,0.0,0.0,16.216,0.0,0.0,0,0
AMP_245,RLGNFFRKAKKKIGRGLKKIGQKIKDFLGNLVPRTES,10,0.0,0.0,0.0,0.0,0.0,0.0,16.216,0.0,0.0,0,0
AMP_246,RLGNFFRKVKEKIGGGLKKVGQKIKDFLGNLVPRTAS,8,0.0,0.0,0.0,0.0,0.0,0.0,16.216,0.0,0.0,0,0
AMP_247,RWKIFKKIEKVGRNVRDGIIKAGPAVAVVGQAATVVK,7,0.0,0.0,0.0,0.0,0.0,0.0,29.73,0.0,0.0,0,0
AMP_248,SLGNFFRKARKKIGEEFKRIVQRIKDFLQHLIPRTEA,7,0.0,0.0,0.0,0.0,0.0,0.0,16.216,0.0,0.0,0,0
AMP_249,VGRFRRLRKKTRKRLKKIGKVLKWIPPIVGSIPLGCG,13,0.0,0.0,0.0,0.0,0.0,0.0,18.919,0.0,0.0,0,0
AMP_25,IFGAIWNGIKSLF,1,0.0,0.0,0.0,0.0,0.0,0.0,15.385,0.0,0.0,0,0
AMP_250,ALLGDFFRKSKEKIGKEFKRIVQRIKDFLRNLVPRTES,6,0.0,0.0,0.0,0.0,0.0,0.0,10.526,0.0,0.0,0,0
AMP_251,KWKIFKKIEHMGQNIRDGLIKAGPAVQVVGQAATIYKG,6,0.0,0.0,0.0,0.0,0.0,0.14285714285714285,31.579,0.0,0.0,0,0
AMP_252,RLKELITTGGQKIGEKIRRIGQRIKDFFKNLQPREEKS,6,0.0,0.0,0.0,0.0,0.0,0.0,15.789,0.0,0.0,0,0
AMP_253,GSCSCSGTISPYGLRTCRATKTKPSHPTTKETHPQTLPT,6,0.0,0.0,0.0,0.0,0.0,0.0,7.692,0.0,0.0,0,0
AMP_254,GTWDDIGQGIGRVAYWVGKALGNLSDVNQASRINRKKKH,5,0.0,0.0,0.0,0.0,0.0,0.0,17.949,0.0,0.0,0,0
AMP_255,GWLKKIGKKIERVGQHTRDATIQGLGIAQQAANVAATAR,6,0.0,0.0,0.0,0.0,0.0,0.0,17.949,0.0,0.0,0,0
AMP_256,GWLKKIGKKIERVGQHTRDATIQTIGVAQQAANVAATLK,6,0.0,0.0,0.0,0.0,0.0,0.0,17.949,0.0,0.0,0,0
AMP_257,KPFKKLEKVGRNIRDGIIKAGPAVAVIGQATSIARPTGK,7,0.0,0.0,0.0,0.0,0.0,0.0,33.333,0.0,0.0,0,0
AMP_258,DAEFRHDSGYEVHHQKLVFFAEDVGSNKGAIIGLMVGGVV,0,0.0,0.0,0.0,2.56,5.13,0.3333333333333333,42.5,0.0,0.0,0,0
AMP_259,KRFHSVGSLIQRHQQMIRDKSEATRHGIRIITRPKLLLAS,10,0.0,0.0,0.0,0.0,0.0,0.25,17.5,0.0,0.0,0,0
AMP_26,IFKAIWSGIKSLF,2,0.0,0.0,0.0,0.0,0.0,0.0,15.385,0.0,0.0,0,0
AMP_260,AKIPIKAIKTVGKAVGKGLRAINIASTANDVFNFLKPKKRKA,10,0.0,0.0,0.0,0.0,0.0,0.0,19.048,0.0,0.0,0,0
AMP_261,DAEFRHDSGYEVHHQKLVFFAEDVGSNKGAIIGLMVGGVVIA,0,0.0,0.0,0.0,2.44,4.88,0.3333333333333333,42.857,0.0,0.0,0,0
AMP_262,GKIPVKAIKKAGAAIGKGLRAINIASTAHDVYSFFKPKHKKK,12,0.0,0.0,0.0,0.0,0.0,0.0,19.048,0.0,0.0,0,0
AMP_263,GKIPVKAIKQAGKVIGKGLRAINIAGTTHDVVSFFRPKKKKH,12,0.0,0.0,0.0,0.0,0.0,0.0,19.048,0.0,0.0,0,0
AMP_264,GKWGWIYITILFADVGGFKSSRHPEERRVQERRFKRITRGPD,6,0.0,0.0,0.0,0.0,0.0,0.0,11.905,0.0,0.0,0,0
AMP_265,RGFRKHFNKLVKKVKHTISETAHVAKDTAVIAGSGAAVVAAT,9,0.0,0.0,0.0,2.44,0.0,0.0,26.19,0.0,0.0,0,0
AMP_266,GLRKKFRKTRKRIQKLGRKIGKTGRKVWKAWREYGQIPYPCRI,16,0.0,0.0,0.0,0.0,0.0,0.0,30.233,0.0,0.0,0,0
AMP_267,KPAWCWYTLAMCGAGYDSGTCDYMYSHCFGIKHHSSGSSSYHC,4,0.0,0.0,0.0,0.0,0.0,0.5,13.953,0.0,0.0,0,0
AMP_268,MGAIAKLVAKFGWPFIKKFYKQIMQFIGQGWTIDQIEKWLKRH,7,0.0,0.0,0.0,0.0,0.0,0.2222222222222222,16.279,0.0,0.0,0,0
AMP_269,FFRHLFRGAKAIFRGARQGWRAHKVVSRYRNRDVPETDNNQEEP,7,0.0,0.0,0.0,0.0,0.0,0.0,13.636,0.0,0.0,0,0
AMP_27,IIPLPLGYFAKKT,2,0.0,0.0,0.0,0.0,0.0,0.0,7.692,0.0,0.0,0,0
AMP_270,GKVWDWIKSAAKKIWSSEPVSQLKGQVLNAAKNYVAEKIGATPT,4,0.0,0.0,0.0,0.0,2.33,0.0,15.909,0.0,0.0,0,0
AMP_271,GKVWDWIKSTAKKLWNSEPVKELKNTALNAAKNFVAEKIGATPS,4,0.0,2.33,0.0,0.0,2.33,0.0,15.909,0.0,0.0,0,0
AMP_272,GKVWDWIKSTAKKLWNSEPVKELKNTALNAAKNLVAEKIGATPS,4,0.0,2.33,0.0,0.0,2.33,0.0,15.909,0.0,0.0,0,0
AMP_273,GIFSKLAGKKIKNLISGLKNIGKEVGMDVVRTGIDIAGCKIKGEC,5,0.0,0.0,0.0,0.0,0.0,0.1111111111111111,17.778,0.0,0.0,0,0
AMP_274,HSSGYTRPLRKPSRPIFIRPIGCDVCYGIPSSTARLCCFRYGDCCHL,7,0.0,0.0,0.0,0.0,0.0,0.0,38.298,0.0,0.0,0,0
AMP_275,SDEKASPDKHHRFSLSRYAKLANRLANPKLLETFLSKWIGDRGNRSV,7,0.0,0.0,0.0,0.0,0.0,0.0,40.426,0.0,0.0,0,0
AMP_276,SSLLEKGLDGAKKAVGGLGKLGKDAVEDLESVGKGAVHDVKDVLDSV,-1,0.0,0.0,0.0,0.0,0.0,0.0,23.404,0.0,0.0,0,0
AMP_277,FRGLAKLLKIGLKSFARVLKKVLPKAAKAGKALAKSMADENAIRQQNQ,10,0.0,0.0,0.0,0.0,0.0,0.1,16.667,0.0,0.0,0,0
AMP_278,VNYGNGVSCSKTKCSVNWGQAFQERYTAGINSFVSGVASGAGSIGRRP,4,0.0,0.0,0.0,0.0,0.0,0.0,29.167,0.0,0.0,0,0
AMP_279,GRRRRSVQWCAVSQPEATKCFQWQRNMRKVRGPPVSCIKRDSPIQCIQA,9,0.0,0.0,0.0,0.0,0.0,0.25,20.408,0.0,0.0,0,0
AMP_28,ILGKIWEGIKSLF,1,0.0,0.0,0.0,0.0,0.0,0.0,15.385,0.0,0.0,0,0
AMP_280,YRQSMNNFQGLRSFGCRFGTCTVQKLAHQIYQFTDKDKDNVAPRSKISPQGY,6,0.0,0.0,0.0,0.0,0.0,0.2,26.923,0.0,0.0,0,0
AMP_281,FSFKRLKGFAKKLWNSKLARKIRTKGLKYVKNFAKDMLSEGEEAPPAAEPPVEAPQ,7,0.0,1.82,0.0,0.0,1.82,0.09090909090909091,16.071,0.0,0.0,0,0
AMP_282,GLGSVFGRLARILGRVIPKVAKKLGPKVAKVLPKVMKEAIPMAVEMAKSQEEQQPQ,7,0.0,0.0,0.0,0.0,0.0,0.2727272727272727,12.5,0.0,0.0,0,0
AMP_283,IYWIADQFGIHLATGTARKLLDAMASGASLGTAFAAILGVTLPAWALAAAGALGATAA,1,0.0,0.0,0.0,0.0,0.0,0.5,25.862,0.0,0.0,0,0
AMP_284,GKCSVLKKVACAAAIAGAVAACGGIDLPCVLAALKAAEGCASCFCEDHCHGVCKDLHLC,3,1.72,0.0,0.0,0.0,1.72,0.0,23.729,0.0,0.0,0,0
AMP_285,GIWSSIKNLASKAWNSDIGQSLRNKAAGAINKFVADKIGVTPSQAASMTLDEIVDAMYYD,0,0.0,0.0,0.0,3.39,0.0,0.2857142857142857,21.667,0.0,0.0,0,0
AMP_286,LVAYGIAQGTAEKVVSLINAGLTVGSIISILGGVTVGLSGVFTAVKAAIAKQGIKKAIQL,4,0.0,0.0,0.0,0.0,1.69,0.0,25.0,0.0,0.0,0,0
AMP_29,LLPIVGNLLKSLL,1,0.0,0.0,0.0,0.0,0.0,0.0,15.385,0.0,0.0,0,0
AMP_3,LSPNLLKSLL,1,0.0,0.0,0.0,0.0,0.0,0.0,10.0,0.0,0.0,0,0
AMP_30,FFPLALLCKVFKKC,3,0.0,0.0,0.0,0.0,0.0,0.0,14.286,0.0,0.0,0,0
AMP_31,FLLFPLMCKIQGKC,2,0.0,0.0,0.0,0.0,0.0,0.3333333333333333,14.286,0.0,0.0,0,0
AMP_32,FVLPLVMCKILRKC,3,0.0,0.0,0.0,0.0,0.0,0.3333333333333333,14.286,0.0,0.0,0,0
AMP_33,GFWGKLWEGVKSAI,1,0.0,7.69,0.0,0.0,0.0,0.0,14.286,0.0,0.0,0,0
AMP_34,GILDAIKAIAKAAG,1,0.0,0.0,0.0,0.0,0.0,0.0,14.286,0.0,0.0,0,0
AMP_35,IDWKKLLDAAKQIL,1,0.0,0.0,0.0,0.0,0.0,0.0,21.429,0.0,0.0,0,0
AMP_36,IDWLKLGKMVIDAL,0,0.0,0.0,0.0,0.0,0.0,0.3333333333333333,21.429,0.0,0.0,0,0
AMP_37,IDWLKLGKMVMDVL,0,0.0,0.0,0.0,0.0,0.0,0.5,21.429,0.0,0.0,0,0
AMP_38,INLKALAALAKKIL,3,0.0,0.0,0.0,0.0,0.0,0.0,21.429,0.0,0.0,0,0
AMP_39,INWKKIFEKVKNLV,3,0.0,0.0,0.0,0.0,0.0,0.0,7.143,0.0,0.0,0,0
AMP_4,KKLLKWLKKLL,5,0.0,0.0,0.0,0.0,0.0,0.0,27.273,0.0,0.0,0,0
AMP_40,INWLKLGKKILGAL,3,0.0,0.0,0.0,0.0,0.0,0.0,21.429,0.0,0.0,0,0
AMP_41,INWLKLGKKMMSAL,3,0.0,0.0,0.0,0.0,0.0,0.4,7.143,0.0,0.0,0,0
AMP_42,KKKKPLFGLFFGLF,4,0.0,0.0,0.0,0.0,0.0,0.0,50.0,0.0,0.0,0,0
AMP_43,LKLKSIVSWAKKVL,4,0.0,0.0,0.0,0.0,0.0,0.0,21.429,0.0,0.0,0,0
AMP_44,FASLLGKALKALAKQ,3,0.0,0.0,0.0,0.0,0.0,0.0,13.333,0.0,0.0,0,0
AMP_45,KWKLFKKIGAVLKVL,5,0.0,0.0,0.0,0.0,0.0,0.0,26.667,0.0,0.0,0,0
AMP_46,LNLKGIFKKVASLLT,3,0.0,0.0,0.0,0.0,0.0,0.0,20.0,0.0,0.0,0,0
AMP_47,TSRCYIGYRRKVVCS,4,0.0,0.0,0.0,0.0,0.0,0.0,26.667,0.0,0.0,0,0
AMP_48,VAIALKAAHYHTHKE,4,0.0,0.0,0.0,0.0,0.0,0.0,6.667,0.0,0.0,0,0
AMP_49,VGALAVVVWLFLWLW,0,0.0,14.29,0.0,0.0,0.0,0.0,20.0,0.0,0.0,0,0
AMP_5,RPKPQQFFGLM,2,0.0,0.0,0.0,0.0,0.0,0.5,63.636,0.0,0.0,0,0
AMP_50,VGALAVVVWLWLWLW,0,0.0,21.43,0.0,0.0,0.0,0.0,20.0,0.0,0.0,0,0
AMP_51,VGALAVVVWLYLWLW,0,0.0,14.29,0.0,0.0,0.0,0.0,20.0,0.0,0.0,0,0
AMP_52,VNWKKILGKIIKVAK,5,0.0,0.0,0.0,0.0,0.0,0.0,20.0,0.0,0.0,0,0
AMP_53,VNWKKILGKIIKVVK,5,0.0,0.0,0.0,0.0,0.0,0.0,20.0,0.0,0.0,0,0
AMP_54,VNWKKVLGKIIKVAK,5,0.0,0.0,0.0,0.0,0.0,0.0,20.0,0.0,0.0,0,0
AMP_55,GCSRWIIGIHGQICRD,2,0.0,0.0,0.0,0.0,0.0,0.0,12.5,0.0,0.0,0,0
AMP_56,GLFDIVKKVVGAIGSL,1,0.0,0.0,0.0,0.0,0.0,0.0,18.75,0.0,0.0,0,0
AMP_57,GLFDIVKKVVGALGSL,1,0.0,0.0,0.0,0.0,0.0,0.0,18.75,0.0,0.0,0,0
AMP_58,GLFDVIKKVASVIGGL,1,0.0,0.0,0.0,0.0,0.0,0.0,18.75,0.0,0.0,0,0
AMP_59,ILGKLLSTAAGLLSNL,1,0.0,0.0,0.0,0.0,0.0,0.0,12.5,0.0,0.0,0,0
AMP_6,SLLSLLRKLIT,2,0.0,0.0,0.0,0.0,0.0,0.0,18.182,0.0,0.0,0,0
AMP_60,ALYKKFKKKLLKSLKRL,8,0.0,0.0,0.0,0.0,0.0,0.0,5.882,0.0,0.0,0,0
AMP_61,FLPAALAGIGGILGKLF,1,0.0,0.0,0.0,0.0,0.0,0.0,23.529,0.0,0.0,0,0
AMP_62,GVIDAAKKVVNVLKNLF,2,0.0,0.0,0.0,0.0,0.0,0.0,11.765,0.0,0.0,0,0
AMP_63,INWKKIASIGKEVLKAL,3,0.0,0.0,0.0,0.0,0.0,0.0,17.647,0.0,0.0,0,0
AMP_64,ALKAALLAILKIVRVIKK,5,0.0,0.0,0.0,0.0,0.0,0.0,22.222,0.0,0.0,0,0
AMP_65,FFGHLFKLATKIIPSLFQ,3,0.0,0.0,0.0,0.0,0.0,0.0,11.111,0.0,0.0,0,0
AMP_66,GFLSILKKVLPKVMAHMK,5,0.0,0.0,0.0,0.0,0.0,0.3333333333333333,11.111,0.0,0.0,0,0
AMP_67,GLLGPLLKIAAKVGSNLL,2,0.0,0.0,0.0,0.0,0.0,0.0,16.667,0.0,0.0,0,0
AMP_68,GLVDVLGKVGGLIKKLLP,2,0.0,0.0,0.0,0.0,0.0,0.0,16.667,0.0,0.0,0,0
AMP_69,IFGAILPLALGALKNLIK,2,0.0,0.0,0.0,0.0,0.0,0.0,16.667,0.0,0.0,0,0
AMP_7,FLPLKKLRFGLL,3,0.0,0.0,0.0,0.0,0.0,0.0,16.667,0.0,0.0,0,0
AMP_70,KWKLFKKIPKFLHLAKKF,8,0.0,0.0,0.0,0.0,0.0,0.0,22.222,0.0,0.0,0,0
AMP_71,PAAAAQAVAGLAPVAAEQ,-1,0.0,0.0,0.0,0.0,5.88,0.0,22.222,0.0,0.0,0,0
AMP_72,AKKVFKRLEKLFSKIQNDK,5,0.0,0.0,0.0,0.0,0.0,0.0,5.263,0.0,0.0,0,0
AMP_73,FLSLIPHAINAVSAIAKHN,3,0.0,0.0,0.0,0.0,0.0,0.0,10.526,0.0,0.0,0,0
AMP_74,FLSLIPHAINAVSALANHG,2,0.0,0.0,0.0,0.0,0.0,0.0,21.053,0.0,0.0,0,0
AMP_75,FLSLIPHAINAVSTLVHHF,3,0.0,0.0,0.0,0.0,0.0,0.0,10.526,0.0,0.0,0,0
AMP_76,FLWGLIPGAISAVTSLIKK,2,0.0,5.56,0.0,0.0,0.0,0.0,15.789,0.0,0.0,0,0
AMP_77,GFGKAFHSVSNFAKKHKTA,6,0.0,0.0,0.0,0.0,0.0,0.0,10.526,0.0,0.0,0,0
AMP_78,GFGPAFHSVSNFAKKHKTA,5,0.0,0.0,0.0,0.0,0.0,0.0,10.526,0.0,0.0,0,0
AMP_79,GFKDLLKGAAKALVKTVLF,3,0.0,0.0,0.0,0.0,0.0,0.0,26.316,0.0,0.0,0,0
AMP_8,GKWMSLLKHILK,4,0.0,0.0,0.0,0.0,0.0,0.25,8.333,0.0,0.0,0,0
AMP_80,GWMSKIASGIGTFLSGMQQ,1,0.0,0.0,0.0,0.0,0.0,0.6666666666666666,10.526,0.0,0.0,0,0
AMP_81,KGRGKQGGKVRAKAKTRSS,8,0.0,0.0,0.0,0.0,0.0,0.0,10.526,0.0,0.0,0,0
AMP_82,AALKGCWTKSIPPKPCFGKR,5,0.0,0.0,0.0,0.0,0.0,0.0,10.0,0.0,0.0,0,0
AMP_83,FIGLLISAGKAIHDLIRRRH,5,0.0,0.0,0.0,0.0,0.0,0.0,15.0,0.0,0.0,0,0
AMP_84,FLGGLIKIVPAMICAVTKKC,3,0.0,0.0,0.0,0.0,0.0,0.25,15.0,0.0,0.0,0,0
AMP_85,GLMSVLGHAVGNVLGGLFKS,2,0.0,0.0,0.0,0.0,0.0,0.5,25.0,0.0,0.0,0,0
AMP_86,GWANTLKNVAGGLCKITGAA,2,0.0,0.0,0.0,0.0,0.0,0.0,15.0,0.0,0.0,0,0
AMP_87,IIGPVLGLVGSALGGLLKKI,2,0.0,0.0,0.0,0.0,0.0,0.0,25.0,0.0,0.0,0,0
AMP_88,KIKIPWGKVKDFLVGGMKAV,4,0.0,0.0,0.0,0.0,0.0,0.16666666666666666,30.0,0.0,0.0,0,0
AMP_89,KRIVQRIKDFLRNLVPRTES,4,0.0,0.0,0.0,0.0,0.0,0.0,15.0,0.0,0.0,0,0
AMP_9,GMWSKILGHLIR,3,0.0,0.0,0.0,0.0,0.0,0.5,8.333,0.0,0.0,0,0
AMP_90,LAHQKPFIRKSYKCLHKRCR,9,0.0,0.0,0.0,0.0,0.0,0.0,5.0,0.0,0.0,0,0
AMP_91,LIGPVLGLVGSALGGLLKKI,2,0.0,0.0,0.0,0.0,0.0,0.0,25.0,0.0,0.0,0,0
AMP_92,SWASMAKKLKEYMEKLKQRA,4,0.0,0.0,0.0,0.0,0.0,0.2857142857142857,10.0,0.0,0.0,0,0
AMP_93,SWKSMAKKLKEYMEKLKQRA,5,0.0,0.0,0.0,0.0,0.0,0.25,10.0,0.0,0.0,0,0
AMP_94,VGKTWIKVIRGIGKSKIKWQ,6,0.0,0.0,0.0,0.0,0.0,0.0,10.0,0.0,0.0,0,0
AMP_95,GFMKYIGPLIPHAVKAISDLI,2,0.0,0.0,0.0,0.0,0.0,0.3333333333333333,28.571,0.0,0.0,0,0
AMP_96,GIFGKILGVGKKVLCGLSGWC,3,0.0,0.0,0.0,0.0,0.0,0.0,19.048,0.0,0.0,0,0
AMP_97,GLLSFLPKVIGVIGHLIHPPS,3,0.0,0.0,0.0,0.0,0.0,0.0,14.286,0.0,0.0,0,0
AMP_98,GLLSKVLGVGKKVLCGVSGLC,3,0.0,0.0,0.0,0.0,0.0,0.0,28.571,0.0,0.0,0,0
AMP_99,GMASKAGAIAGKIAKVALKAL,4,0.0,0.0,0.0,0.0,0.0,0.2,28.571,0.0,0.0,0,0
DECOY_1,YSTSIFEKAG,0,0.0,0.0,0.0,0.0,0.0,0.0,50.0,0.0,0.0,0,0
DECOY_10,TVALVALGLY,0,0.0,0.0,0.0,0.0,0.0,0.0,30.0,0.0,0.0,0,0
DECOY_100,APHEASPGLNGLYAL,0,0.0,0.0,0.0,0.0,0.0,0.0,33.333,0.0,0.0,0,0
DECOY_101,GFEHSVANMTIYSVS,0,0.0,0.0,0.0,0.0,0.0,1.0,6.667,0.0,0.0,0,0
DECOY_102,VFFGVAAFAHLLVWI,1,0.0,0.0,0.0,0.0,0.0,0.0,20.0,0.0,0.0,0,0
DECOY_103,QPILIAVVLQLSQQL,0,0.0,0.0,0.0,0.0,0.0,0.0,26.667,0.0,0.0,0,0
DECOY_104,MPEDKSRIVSELKDK,0,0.0,0.0,0.0,0.0,0.0,0.25,80.0,0.0,0.0,0,0
DECOY_105,GELKKSIESLADRVG,0,0.0,0.0,0.0,0.0,0.0,0.0,6.667,0.0,0.0,0,0
DECOY_106,GLNVAIPAMMFAHLT,1,0.0,0.0,0.0,0.0,0.0,1.0,13.333,0.0,0.0,0,0
DECOY_107,KDDDDKHHHHHHHHH,7,0.0,0.0,0.0,0.0,0.0,0.0,0.0,0.0,0.0,0,0
DECOY_108,INDAHQVTLCLLSTN,0,0.0,0.0,0.0,0.0,0.0,0.0,6.667,0.0,0.0,0,0
DECOY_109,TMSVVFGINAVVLAL,0,0.0,0.0,0.0,0.0,0.0,1.0,33.333,0.0,0.0,0,0
DECOY_11,GGIPYLWRLS,1,0.0,11.11,0.0,0.0,0.0,0.0,10.0,0.0,0.0,0,0
DECOY_110,TGLYASNPHEALALE,-1,0.0,0.0,0.0,0.0,0.0,0.0,13.333,0.0,0.0,0,0
DECOY_111,SPARGVALGLYGLYG,1,0.0,0.0,0.0,0.0,0.0,0.0,33.333,0.0,0.0,0,0
DECOY_112,EEASEIALVLRSGSL,-2,0.0,0.0,0.0,0.0,0.0,0.0,40.0,0.0,0.0,0,0
DECOY_113,GLYGLYGLYALAPHE,0,0.0,0.0,0.0,0.0,0.0,0.0,13.333,0.0,0.0,0,0
DECOY_114,GGAFMIPYIIAFLLV,0,0.0,0.0,0.0,0.0,0.0,1.0,20.0,0.0,0.0,0,0
DECOY_115,HRTRPVALTHRPHEG,5,0.0,0.0,0.0,0.0,0.0,0.0,40.0,0.0,0.0,0,0
DECOY_116,CYIIVVFLANNIWSYA,0,0.0,0.0,0.0,0.0,0.0,0.0,18.75,0.0,0.0,0,0
DECOY_117,FLFVLAPLISVVFALL,0,0.0,0.0,0.0,0.0,0.0,0.0,18.75,0.0,0.0,0,0
DECOY_118,FLFPFLIILTSYTLIW,0,0.0,0.0,0.0,0.0,0.0,0.0,12.5,0.0,0.0,0,0
DECOY_119,NYRQYLTFKTHKDLMR,4,0.0,0.0,0.0,0.0,0.0,0.3333333333333333,87.5,0.0,0.0,0,0
DECOY_12,LVALASPASN,0,0.0,0.0,0.0,0.0,0.0,0.0,10.0,0.0,0.0,0,0
DECOY_120,PGAIVVGFVQPHKNLE,1,0.0,0.0,0.0,0.0,0.0,0.0,18.75,0.0,0.0,0,0
DECOY_121,SDERRLELERLFASEL,-2,0.0,0.0,0.0,0.0,0.0,0.0,37.5,0.0,0.0,0,0
DECOY_122,GLQKGVKIASDVRTYL,2,0.0,0.0,0.0,0.0,0.0,0.0,12.5,0.0,0.0,0,0
DECOY_123,SPHESERTYRTYRGLN,2,0.0,0.0,0.0,0.0,0.0,0.0,93.75,0.0,0.0,0,0
DECOY_124,GSEMMKLVGWAQSVVT,0,0.0,0.0,0.0,0.0,0.0,0.6666666666666666,43.75,0.0,0.0,0,0
DECOY_125,STWVIGGAAIFAILLS,0,0.0,0.0,0.0,0.0,0.0,0.0,31.25,0.0,0.0,0,0
DECOY_126,STYRTHRASPGLNARG,4,0.0,0.0,0.0,0.0,0.0,0.0,50.0,0.0,0.0,0,0
DECOY_127,RTGVYILVGVVLWTAV,1,0.0,6.67,0.0,0.0,0.0,0.0,37.5,0.0,0.0,0,0
DECOY_128,GVVPAALAVTVGIEILK,0,0.0,0.0,0.0,0.0,0.0,0.0,17.647,0.0,0.0,0,0
DECOY_129,KKAYEVAGLLGDIGGQM,0,0.0,0.0,0.0,0.0,0.0,0.3333333333333333,35.294,0.0,0.0,0,0
DECOY_13,DTSKNIKEES,-1,0.0,0.0,0.0,0.0,0.0,0.0,60.0,0.0,0.0,0,0
DECOY_130,LRPQQKRTKEHKKLMDS,5,0.0,0.0,0.0,0.0,0.0,0.2,82.353,0.0,0.0,0,0
DECOY_131,YRTYRPHEMETLYSASP,1,0.0,0.0,0.0,0.0,0.0,1.0,88.235,0.0,0.0,0,0
DECOY_132,ELLYTTPLVEAFEGTNF,-3,0.0,0.0,0.0,0.0,0.0,0.0,17.647,0.0,0.0,0,0
DECOY_133,KRKEIVESFRTVKRLIS,4,0.0,0.0,0.0,0.0,0.0,0.0,29.412,0.0,0.0,0,0
DECOY_134,SPEQLSAYKHSLVLSVQ,1,0.0,0.0,0.0,0.0,0.0,0.0,29.412,0.0,0.0,0,0
DECOY_135,NPSRDLGSRFLSLIAYG,1,0.0,0.0,0.0,0.0,0.0,0.0,41.176,0.0,0.0,0,0
DECOY_136,GAATNVIFGLALGYKSV,1,0.0,0.0,0.0,0.0,0.0,0.0,17.647,0.0,0.0,0,0
DECOY_137,PVAGLIIVGILMTIFQLS,0,0.0,0.0,0.0,0.0,0.0,1.0,22.222,0.0,0.0,0,0
DECOY_138,TAIAAFYMPVTIMTILYW,0,0.0,0.0,0.0,0.0,0.0,1.0,16.667,0.0,0.0,0,0
DECOY_139,GILEGLYALAARGASPLY,0,0.0,0.0,0.0,0.0,0.0,0.0,16.667,0.0,0.0,0,0
DECOY_14,LYALAALAAL,0,0.0,0.0,0.0,0.0,0.0,0.0,30.0,0.0,0.0,0,0
DECOY_140,PHETHRGLYASNTRPGLY,3,0.0,0.0,0.0,0.0,0.0,0.0,38.889,0.0,0.0,0,0
DECOY_141,RMAVMLGALLMAIGHVVL,2,0.0,0.0,0.0,0.0,0.0,1.0,33.333,0.0,0.0,0,0
DECOY_142,PMMGIMQAMQPIVGYNYG,0,0.0,0.0,0.0,0.0,0.0,1.0,22.222,0.0,0.0,0,0
DECOY_143,ISLPWKVLLVMLLALITL,1,0.0,0.0,0.0,0.0,0.0,0.5,27.778,0.0,0.0,0,0
DECOY_144,VALLVVFTWSIAMVVWGR,1,0.0,0.0,0.0,0.0,0.0,1.0,16.667,0.0,0.0,0,0
DECOY_145,TAKFLAIWWCLLAFIASG,1,0.0,0.0,0.0,0.0,0.0,0.0,27.778,0.0,0.0,0,0
DECOY_146,IGLILTALIAGFIFKVVFN,1,0.0,0.0,0.0,0.0,0.0,0.0,21.053,0.0,0.0,0,0
DECOY_147,YSERHISHISHISHISHIS,5,0.0,0.0,0.0,0.0,0.0,0.0,31.579,0.0,0.0,0,0
DECOY_148,DLYHQQHTLRLLRQLTRQE,3,0.0,0.0,0.0,0.0,0.0,0.0,10.526,0.0,0.0,0,0
DECOY_149,THRILELYSTHRILEILEG,1,0.0,0.0,0.0,0.0,0.0,0.0,26.316,0.0,0.0,0,0
DECOY_15,RGALAALALE,0,0.0,0.0,0.0,0.0,0.0,0.0,30.0,0.0,0.0,0,0
DECOY_150,FLFPLALLWFLVTALVVAL,0,0.0,5.56,0.0,0.0,0.0,0.0,26.316,0.0,0.0,0,0
DECOY_151,HHYVAALFFLIPLVALGFA,2,0.0,0.0,0.0,0.0,0.0,0.0,31.579,0.0,0.0,0,0
DECOY_152,SERPHELYSILETHRARGG,2,0.0,0.0,0.0,0.0,0.0,0.0,36.842,0.0,0.0,0,0
DECOY_153,SDEPVFWGLFGAGGMWSAI,-2,0.0,0.0,0.0,0.0,0.0,1.0,36.842,0.0,0.0,0,0
DECOY_154,RILEHISILEPHEARGGLY,1,0.0,0.0,0.0,0.0,0.0,0.0,15.789,0.0,0.0,0,0
DECOY_155,QLLGIMVVASVCWLPLLVF,0,0.0,0.0,0.0,0.0,0.0,1.0,21.053,0.0,0.0,0,0
DECOY_156,AAKFALGFAVVAIGFFIYGF,1,0.0,0.0,0.0,0.0,0.0,0.0,25.0,0.0,0.0,0,0
DECOY_157,SERASNVALTYRTHRILELY,2,0.0,0.0,0.0,0.0,0.0,0.0,20.0,0.0,0.0,0,0
DECOY_158,ASPALAGLYSERARGTYRGL,2,0.0,0.0,0.0,0.0,0.0,0.0,20.0,0.0,0.0,0,0
DECOY_159,LVGAMLPFLLRRLGVDPALV,1,0.0,0.0,5.26,0.0,0.0,1.0,15.0,0.0,0.0,0,0
DECOY_16,LGPKGHEFVFN,1,0.0,0.0,0.0,0.0,0.0,0.0,9.091,0.0,0.0,0,0
DECOY_160,TTDAALMYDAVHVVSVAVQQ,-1,0.0,0.0,0.0,0.0,0.0,1.0,25.0,0.0,0.0,0,0
DECOY_161,PTQPLSILFITGVVFSLITD,-1,0.0,0.0,0.0,0.0,0.0,0.0,35.0,0.0,0.0,0,0
DECOY_162,RTNSDTAKIIMIFLCLFAFI,1,0.0,0.0,0.0,0.0,0.0,0.5,50.0,0.0,0.0,0,0
DECOY_163,LATHRVALHISTHRVALGLY,5,0.0,0.0,0.0,0.0,0.0,0.0,10.0,0.0,0.0,0,0
DECOY_164,DPIKFIRKAKDAMITAFVTR,3,0.0,0.0,5.26,0.0,0.0,0.25,25.0,0.0,0.0,0,0
DECOY_165,HRVALASPHISLYSLYSILE,2,0.0,0.0,0.0,0.0,0.0,0.0,20.0,0.0,0.0,0,0
DECOY_166,QRPLATVVVGGLITATALTL,1,0.0,0.0,0.0,0.0,0.0,0.0,35.0,0.0,0.0,0,0
DECOY_167,TLYSILEVALASNASNALAPH,0,0.0,0.0,0.0,0.0,0.0,0.0,23.81,0.0,0.0,0,0
DECOY_168,LTLIFLILASVTWLLSSFVAW,0,0.0,0.0,0.0,0.0,0.0,0.0,23.81,0.0,0.0,0,0
DECOY_169,KKSPSILFIVFSVMSILTFFF,2,0.0,0.0,0.0,0.0,0.0,0.3333333333333333,38.095,0.0,0.0,0,0
DECOY_17,RPHEPHEALAS,1,0.0,0.0,0.0,0.0,0.0,0.0,90.909,0.0,0.0,0,0
DECOY_170,TPKIAIDVLAVLVPLAAFLLD,-1,0.0,0.0,0.0,0.0,0.0,0.0,28.571,0.0,0.0,0,0
DECOY_171,LYTYRPHEALATRPLYSALAG,2,0.0,0.0,0.0,0.0,0.0,0.0,42.857,0.0,0.0,0,0
DECOY_172,HHIWEAFWQVSALGTFLLAYN,1,0.0,0.0,0.0,0.0,0.0,0.0,28.571,0.0,0.0,0,0
DECOY_173,FKALGTTYQPLSGKTSYFHLL,3,0.0,0.0,0.0,0.0,0.0,0.0,14.286,0.0,0.0,0,0
DECOY_174,QTMSLWFLSNAAAQAINAQLV,0,0.0,5.0,0.0,0.0,0.0,1.0,33.333,0.0,0.0,0,0
DECOY_175,GPWNYAIAFAFMITGLLLTMR,1,0.0,0.0,0.0,0.0,0.0,1.0,28.571,0.0,0.0,0,0
DECOY_176,RRNSMLMMNLLAFVSAVLMGF,2,0.0,0.0,0.0,0.0,0.0,1.0,47.619,0.0,0.0,0,0
DECOY_177,TPHETHRASPTHRILEASNLY,3,0.0,0.0,0.0,0.0,0.0,0.0,38.095,0.0,0.0,0,0
DECOY_178,LVYTVFSATDPKRSARDSHVP,2,0.0,0.0,5.0,0.0,0.0,0.0,4.762,0.0,0.0,0,0
DECOY_179,TVPMLLVVGFQSFYLIDYFIH,0,0.0,0.0,0.0,0.0,0.0,1.0,28.571,0.0,0.0,0,0
DECOY_18,STTIEFVTQRN,0,0.0,0.0,0.0,0.0,0.0,0.0,63.636,0.0,0.0,0,0
DECOY_180,NEIKIFMVNLTMADMLFLITL,-1,0.0,0.0,0.0,0.0,0.0,0.75,23.81,0.0,0.0,0,0
DECOY_181,TSPIWWGAWGLGLGFLTGGLLY,0,0.0,0.0,0.0,0.0,0.0,0.0,31.818,0.0,0.0,0,0
DECOY_182,TLAGIGHNLLWVTLGNTLSGVV,1,0.0,4.76,0.0,0.0,0.0,0.0,18.182,0.0,0.0,0,0
DECOY_183,APDVSTQVLMAIPLLLLYEISI,-2,0.0,0.0,0.0,0.0,0.0,1.0,36.364,0.0,0.0,0,0
DECOY_184,PHETRPILEARGGLYGLNVALS,1,0.0,0.0,0.0,0.0,0.0,0.0,36.364,0.0,0.0,0,0
DECOY_185,GEILEFLAELGAVFLLFMVGLE,-4,0.0,0.0,0.0,0.0,4.76,1.0,27.273,0.0,0.0,0,0
DECOY_186,LNARGALAGLYPHEASPVALAR,2,0.0,0.0,0.0,0.0,0.0,0.0,22.727,0.0,0.0,0,0
DECOY_187,FAPFVIGIALLIAHLICIYYTG,1,0.0,0.0,0.0,0.0,0.0,0.0,22.727,0.0,0.0,0,0
DECOY_188,AYYDGWIAREINRKVSLRISRL,3,0.0,0.0,0.0,0.0,0.0,0.0,22.727,0.0,0.0,0,0
DECOY_189,QGVFLAGAMLAAVWLAVASTMK,1,0.0,0.0,0.0,0.0,0.0,0.6666666666666666,22.727,0.0,0.0,0,0
DECOY_19,IIAPVMILLVG,0,0.0,0.0,0.0,0.0,0.0,1.0,18.182,0.0,0.0,0,0
DECOY_190,SIYVIGPIVGAVLAALTYQYLT,0,0.0,0.0,0.0,0.0,0.0,0.0,22.727,0.0,0.0,0,0
DECOY_191,APEPMTMALSVLVTIEMCNALN,-2,0.0,0.0,0.0,0.0,0.0,1.0,36.364,0.0,0.0,0,0
DECOY_192,SMTTLIWIEVLVIGYIEFQRNA,-1,0.0,0.0,0.0,0.0,0.0,1.0,31.818,0.0,0.0,0,0
DECOY_193,FTDTINKCAANAARIARLSANN,2,0.0,0.0,0.0,4.76,0.0,0.0,22.727,0.0,0.0,0,0
DECOY_194,MAAAVVLAFIICWLPFHVLTFL,1,0.0,0.0,0.0,0.0,0.0,1.0,22.727,0.0,0.0,0,0
DECOY_195,TWHAAGLYAAWFLGQAALQVWA,1,0.0,0.0,0.0,0.0,0.0,0.0,27.273,0.0,0.0,0,0
DECOY_196,NMFTLIAMGIGVAWIYSMVAVLW,0,0.0,4.55,0.0,0.0,0.0,1.0,30.435,0.0,0.0,0,0
DECOY_197,PNWGWLLVLLVATPALITILFWK,1,0.0,0.0,0.0,0.0,0.0,0.0,26.087,0.0,0.0,0,0
DECOY_198,DARQSEEVLLTAAQSLFAVAILL,-2,0.0,0.0,0.0,0.0,0.0,0.0,39.13,0.0,0.0,0,0
DECOY_199,GLIPWLLWLSVFISFSHSMFCIN,1,4.55,4.55,0.0,0.0,0.0,1.0,13.043,0.0,0.0,0,0
DECOY_2,HEGLNVALAR,1,0.0,0.0,0.0,0.0,0.0,0.0,30.0,0.0,0.0,0,0
DECOY_20,VALPHEVALLE,-1,0.0,0.0,0.0,0.0,0.0,0.0,9.091,0.0,0.0,0,0
DECOY_200,HTIISVALIYMVQVQMSKFSELG,1,0.0,0.0,0.0,0.0,0.0,0.6666666666666666,17.391,0.0,0.0,0,0
DECOY_201,EQMEQDHLEHHNNIRNNGEGEEF,-3,0.0,0.0,0.0,0.0,0.0,1.0,34.783,0.0,0.0,0,0
DECOY_202,SLAMFIFMAIGITLWFFYGVLIK,1,0.0,4.55,0.0,0.0,0.0,0.6666666666666666,26.087,0.0,0.0,0,0
DECOY_203,MPITICIAYFNNCLNPLFYGFLG,0,0.0,0.0,0.0,0.0,0.0,1.0,26.087,0.0,0.0,0,0
DECOY_204,VTFGVITSIIIWALAILASMPGL,0,0.0,0.0,0.0,0.0,0.0,1.0,21.739,0.0,0.0,0,0
DECOY_205,RPDIGSSLEKLTQQNYLVGVART,1,0.0,0.0,0.0,0.0,0.0,0.0,21.739,0.0,0.0,0,0
DECOY_206,STGLLGNRWFYLVLAVLLMCMIS,1,0.0,0.0,0.0,0.0,0.0,1.0,21.739,0.0,0.0,0,0
DECOY_207,KIPVYFFAQLLGAFVGTSTVYGLY,1,0.0,0.0,0.0,0.0,0.0,0.0,25.0,0.0,0.0,0,0
DECOY_208,PPAAMGAIVAVIGLELAGVAAGMA,-1,0.0,0.0,0.0,0.0,0.0,1.0,29.167,0.0,0.0,0,0
DECOY_209,KVFGSFLTLNMFASIFFITCMSVD,0,0.0,0.0,0.0,0.0,0.0,0.6666666666666666,16.667,0.0,0.0,0,0
DECOY_21,ALVALILEGLY,-1,0.0,0.0,0.0,0.0,0.0,0.0,18.182,0.0,0.0,0,0
DECOY_210,NNDLKLAFIHMEQAAAQLGIDFSS,-1,0.0,0.0,0.0,0.0,0.0,0.5,29.167,0.0,0.0,0,0
DECOY_211,NPAQLIMISFGFGFGVMVGVFITY,0,0.0,0.0,0.0,0.0,0.0,1.0,33.333,0.0,0.0,0,0
DECOY_212,MLRTPQFWVLWTAFFSVNFGGLLL,1,0.0,4.35,0.0,0.0,0.0,1.0,37.5,0.0,0.0,0,0
DECOY_213,YVDLGVLYLPFAVFVIVGSANAVN,-1,0.0,0.0,0.0,0.0,0.0,0.0,25.0,0.0,0.0,0,0
DECOY_214,VVMFVTYEQLKRALMAAYQSREAP,1,0.0,0.0,0.0,0.0,0.0,0.6666666666666666,8.333,0.0,0.0,0,0
DECOY_215,DELRLANDTLIYFTSDQGAHVEEV,-4,0.0,0.0,0.0,0.0,0.0,0.0,20.833,0.0,0.0,0,0
DECOY_216,KQVFVFCVGLIVVAEIVLWNAQTQ,0,4.35,4.35,0.0,0.0,4.35,0.0,25.0,0.0,0.0,0,0
DECOY_217,YETVRNGGLIFAALAFIVGLIILL,0,0.0,0.0,0.0,0.0,0.0,0.0,37.5,0.0,0.0,0,0
DECOY_218,GNLIVLSVLYKGGLLMGSAHMTVGE,1,0.0,0.0,0.0,0.0,0.0,0.6666666666666666,16.0,0.0,0.0,0,0
DECOY_219,GILRGEGDANRAMLAMVLGSGLNIV,0,0.0,0.0,0.0,0.0,0.0,1.0,20.0,0.0,0.0,0,0
DECOY_22,QALHLEEQEGF,-2,0.0,0.0,0.0,0.0,0.0,0.0,18.182,0.0,0.0,0,0
DECOY_220,DFRFSTVITTLVSMVAGIGLAFFYG,0,0.0,0.0,0.0,0.0,0.0,1.0,32.0,0.0,0.0,0,0
DECOY_221,THRVALGLYTYRPHEPHEGLYGLYA,3,0.0,0.0,0.0,0.0,0.0,0.0,20.0,0.0,0.0,0,0
DECOY_222,NAGQKMMFWSIMSMIFVLLVTGVII,1,0.0,0.0,0.0,0.0,0.0,0.8,32.0,0.0,0.0,0,0
DECOY_223,VSYSKLLSVIVWMLMLLLAVPNIIL,1,0.0,0.0,0.0,0.0,0.0,0.6666666666666666,36.0,0.0,0.0,0,0
DECOY_224,NFVQAFAVEMVITAILMGLILALTD,-2,0.0,0.0,0.0,0.0,0.0,1.0,24.0,0.0,0.0,0,0
DECOY_225,LKSAYYINIAICTIAATAYYAMAVN,1,0.0,0.0,0.0,0.0,0.0,0.5,28.0,0.0,0.0,0,0
DECOY_226,RTRPLYSLYSPHEILETRPASNSER,2,0.0,0.0,0.0,0.0,0.0,0.0,20.0,0.0,0.0,0,0
DECOY_227,LGFALSGISIAYGFSKFIMGSVSDR,1,0.0,0.0,0.0,0.0,0.0,0.5,12.0,0.0,0.0,0,0
DECOY_228,QRIEYKLFSPMAFAVGFALFGALLVA,1,0.0,0.0,0.0,0.0,0.0,0.5,46.154,0.0,0.0,0,0
DECOY_229,PHHSLSVKSSLVILLGTTVIISFCAD,2,4.0,0.0,0.0,0.0,0.0,0.0,42.308,0.0,0.0,0,0
DECOY_23,KHTAWRAAVYD,2,0.0,0.0,0.0,0.0,0.0,0.0,36.364,0.0,0.0,0,0
DECOY_230,LQRIGLGLFFGSMAMAVAALVELKRL,2,0.0,0.0,0.0,0.0,0.0,0.6666666666666666,23.077,0.0,0.0,0,0
DECOY_231,GVGCGVATAIVYWIMLLLLLFYIVTS,0,0.0,0.0,0.0,0.0,0.0,1.0,19.231,0.0,0.0,0,0
DECOY_232,TIFSLPFAYVGALLSRYPFTLADAILM,0,0.0,0.0,0.0,0.0,0.0,1.0,25.926,0.0,0.0,0,0
DECOY_233,GYLKSTKIAANIGKSLALIMLLFGLLS,3,0.0,0.0,0.0,0.0,0.0,0.25,33.333,0.0,0.0,0,0
DECOY_234,TAEERSRVIAYIPLFVASAMFWAIQEQ,-1,0.0,0.0,0.0,0.0,3.85,1.0,33.333,0.0,0.0,0,0
DECOY_235,GTLYFLVKGMGVSDPDAKKFYAITTLV,1,0.0,0.0,3.85,0.0,0.0,0.25,18.519,0.0,0.0,0,0
DECOY_236,VIPVIGQVLWYIFVCWMMSIQYLDYPF,-1,0.0,3.85,0.0,0.0,0.0,1.0,18.519,0.0,0.0,0,0
DECOY_237,TPAEKKKAAAIMAVGAVVIAVLLAILI,2,0.0,0.0,0.0,0.0,3.85,0.25,40.741,0.0,0.0,0,0
DECOY_238,QPVYATIGSGIVNTAFTVVSLFVVQRA,1,0.0,0.0,0.0,0.0,0.0,0.0,29.63,0.0,0.0,0,0
DECOY_239,GPLRRLVASFTTLTQSFASMDRVFQLID,1,0.0,0.0,0.0,0.0,0.0,1.0,21.429,0.0,0.0,0,0
DECOY_24,HLEIVEVLLKN,0,0.0,0.0,0.0,0.0,0.0,0.0,18.182,0.0,0.0,0,0
DECOY_240,HPLKTFYLAITAGVFISIAFVFYITATT,2,0.0,0.0,0.0,0.0,0.0,0.0,32.143,0.0,0.0,0,0
DECOY_241,TPIGRILASIMMLFGIAFIGMITSTITN,1,0.0,0.0,0.0,0.0,0.0,1.0,25.0,0.0,0.0,0,0
DECOY_242,DHGVLIIIAIMIGMLFVQPVMGLLSDRF,0,0.0,0.0,0.0,0.0,0.0,1.0,21.429,0.0,0.0,0,0
DECOY_243,TGVLTGIYMLLSGAIANYLAGVIADQTS,-1,0.0,0.0,0.0,0.0,0.0,1.0,21.429,0.0,0.0,0,0
DECOY_244,KGALAVILVLTLTILVFWLGVYAVFFAR,2,0.0,0.0,0.0,0.0,0.0,0.0,21.429,0.0,0.0,0,0
DECOY_245,YYLPAVYILVFIIGFLGNSVAIWMFVFH,1,0.0,0.0,0.0,0.0,0.0,1.0,32.143,0.0,0.0,0,0
DECOY_246,RSVTYTLAQLPCASMALQILWEAARHFLP,2,0.0,3.57,0.0,0.0,0.0,1.0,27.586,0.0,0.0,0,0
DECOY_247,SVSVIIKGTIKTIIGFMLLQAGSGILTST,2,0.0,0.0,0.0,0.0,0.0,0.3333333333333333,20.69,0.0,0.0,0,0
DECOY_248,ERLSLKRVVWALCFMGSLALLALVCTNRI,3,0.0,0.0,0.0,0.0,0.0,0.5,31.034,0.0,0.0,0,0
DECOY_249,NPLGFWVSSAMAGAYVGLGIILIFTLGNL,0,0.0,0.0,0.0,0.0,0.0,1.0,24.138,0.0,0.0,0,0
DECOY_25,NLAVSIGLSSI,0,0.0,0.0,0.0,0.0,0.0,0.0,18.182,0.0,0.0,0,0
DECOY_250,TFDLRFVLFMLLLILLAAGTVALMLLIGKA,1,0.0,0.0,0.0,0.0,0.0,0.6666666666666666,26.667,0.0,0.0,0,0
DECOY_251,EPLPVLVLLVLLAVYDAISVYRTKHMITLA,1,0.0,0.0,0.0,0.0,0.0,0.5,23.333,0.0,0.0,0,0
DECOY_252,TVRIWGKFALGLGLMSAGFCILTLSARWSA,3,3.45,0.0,0.0,0.0,0.0,0.5,26.667,0.0,0.0,0,0
DECOY_253,LKLFCEARPGMIFWLLMNLSMAAKQYELHG,2,3.45,0.0,0.0,0.0,0.0,0.6,16.667,0.0,0.0,0,0
DECOY_254,NSFLKSILIFTILISSTVLLVGGYWIFKEM,1,0.0,0.0,0.0,0.0,0.0,0.3333333333333333,26.667,0.0,0.0,0,0
DECOY_255,LFKDIPRTLKREMQKLMYYIPRALGFFLLS,4,0.0,0.0,0.0,0.0,0.0,0.4,16.667,0.0,0.0,0,0
DECOY_256,TMSQHGQLEANKWVTAAWGVATAAIGLTLLL,1,0.0,0.0,0.0,3.33,0.0,0.5,41.935,0.0,0.0,0,0
DECOY_257,FLTPAHGHAAMMGVYGMFAIAVLLYSLRNIV,3,0.0,0.0,0.0,0.0,0.0,1.0,22.581,0.0,0.0,0,0
DECOY_258,QKCTLSISVLLAQTIFLFLIAQKVPETSLNV,1,0.0,0.0,0.0,0.0,0.0,0.0,29.032,0.0,0.0,0,0
DECOY_259,PVNLILEGVSLLSKPVSLGLRLFGNMYAGEL,0,0.0,0.0,0.0,0.0,0.0,0.5,19.355,0.0,0.0,0,0
DECOY_26,TGATVLVTANA,0,0.0,0.0,0.0,0.0,0.0,0.0,18.182,0.0,0.0,0,0
DECOY_260,NHLCKIASASVSFNLYASVFLLTCLSIDRYLA,2,0.0,0.0,0.0,0.0,0.0,0.0,21.875,0.0,0.0,0,0
DECOY_261,GTAYSARNYGFFWAAKATASIFGGGLGAAIAT,2,0.0,0.0,0.0,0.0,0.0,0.0,34.375,0.0,0.0,0,0
DECOY_262,GKVIDKACFWIALLLFSLGTLAIFLTGHLNQV,2,0.0,0.0,0.0,0.0,0.0,0.0,25.0,0.0,0.0,0,0
DECOY_263,RRKSIYLVIIVLTVFAVSYIPFHVMKTMNLRA,6,0.0,0.0,0.0,0.0,0.0,0.5,28.125,0.0,0.0,0,0
DECOY_264,TLPGIAGLVLTLGAAVDGNVLSFERIKEELRA,-1,0.0,0.0,0.0,0.0,0.0,0.0,21.875,0.0,0.0,0,0
DECOY_265,VIIPIFAIAISIFVSFTFAAMYGIAVAALGML,0,0.0,0.0,0.0,0.0,0.0,1.0,21.875,0.0,0.0,0,0
DECOY_266,REFKTAKSLFLVLFLFALSWLPLSIINCIIYF,2,0.0,0.0,0.0,0.0,0.0,0.0,34.375,0.0,0.0,0,0
DECOY_267,TSEQAEELHKHVIDGTRVFLVIAAIAHFLAFTL,1,0.0,0.0,0.0,0.0,3.12,0.0,39.394,0.0,0.0,0,0
DECOY_268,AVALMETSERALASERALAGLYILEVALGLYME,-3,0.0,0.0,0.0,0.0,0.0,1.0,12.121,0.0,0.0,0,0
DECOY_269,HFYSCLFMTCLLLIFTHASIMSLLAIAVDRYLR,3,0.0,0.0,0.0,0.0,0.0,1.0,21.212,0.0,0.0,0,0
DECOY_27,EKAARYGMTVA,1,0.0,0.0,0.0,0.0,0.0,0.5,27.273,0.0,0.0,0,0
DECOY_270,IKLMFGFKKEEGYGKWFAGNLASGGAAGALSLL,2,0.0,0.0,0.0,0.0,0.0,0.2,21.212,0.0,0.0,0,0
DECOY_271,SMWTTIICTAILVSLYWGITSNMMYKPTQEVTD,-1,0.0,0.0,0.0,0.0,0.0,0.75,21.212,0.0,0.0,0,0
DECOY_272,IGENLVHQVPKETIQALISYPIFFALVGLGCSM,0,0.0,0.0,0.0,0.0,0.0,0.5,18.182,0.0,0.0,0,0
DECOY_273,AFLGAAIAAGLAAVAGAIAVAIIVKATIEGTTRQ,1,0.0,0.0,0.0,0.0,0.0,0.0,17.647,0.0,0.0,0,0
DECOY_274,GLYTHRVALPHEVALPHEPHEILEVALVALILEAL,0,0.0,0.0,0.0,0.0,0.0,0.0,25.714,0.0,0.0,0,0
DECOY_275,VGYKNYRYRAGFVLAPIGLVLIVGGYFLIRGVMTL,4,0.0,0.0,0.0,0.0,0.0,0.5,34.286,0.0,0.0,0,0
DECOY_276,SHISHISHISHISHISHISHISHISSERSERGLYHI,9,0.0,0.0,0.0,0.0,0.0,0.0,16.667,0.0,0.0,0,0
DECOY_277,IRLGPIVGIAFFILLGAAALSSAVSLLEVPVAYFMRK,2,0.0,0.0,0.0,0.0,0.0,0.5,21.622,0.0,0.0,0,0
DECOY_278,VYASNLNLIYNLADFVNKILFGLIIWNVAVKESSNAK,1,0.0,0.0,0.0,2.78,0.0,0.0,24.324,0.0,0.0,0,0
DECOY_279,ENLNMDLLYMAAAVMMGLAAIGAAIGIGILGGKFLEGA,-2,0.0,0.0,0.0,0.0,0.0,0.8,34.211,0.0,0.0,0,0
DECOY_28,DHILYTVYSTV,0,0.0,0.0,0.0,0.0,0.0,0.0,27.273,0.0,0.0,0,0
DECOY_280,GIWVSGLGPESLAAVGLFFPVFMGIIALAAGLGVGTSSA,-1,0.0,0.0,0.0,0.0,0.0,1.0,20.513,0.0,0.0,0,0
DECOY_281,TPLVTGFLLGAEFVGGVLIGTVLSGAMLAILTANSGGAW,-1,0.0,0.0,0.0,0.0,2.63,1.0,25.641,0.0,0.0,0,0
DECOY_282,ARRIGARDKEGADNVAVHSLILSLILGVTITITMLPAID,1,0.0,0.0,0.0,0.0,0.0,0.5,28.205,0.0,0.0,0,0
DECOY_283,RLAPLYASARALWLLVALAALGLLAHFLPAALRAALLGR,5,0.0,2.63,0.0,0.0,0.0,0.0,30.769,0.0,0.0,0,0
DECOY_284,NFSTIVAAVEEGRAIYNNMKQFIRYLISSNVGEVVCIFLTAALG,0,0.0,0.0,0.0,0.0,0.0,0.5,20.455,0.0,0.0,0,0
DECOY_285,LLPRYMLILGTIYALTSLLFWLQGKIMLTLSQDVVFRLRKELFEKLQ,3,0.0,0.0,0.0,0.0,0.0,0.4,21.277,0.0,0.0,0,0
DECOY_286,EERVRKSAETLLRVFDGLAEAMYLIVGGVMQYAPIGVFALIAYVMAEQG,-2,0.0,0.0,0.0,0.0,6.25,0.75,34.694,0.0,0.0,0,0
DECOY_29,SFKEKLYFALE,0,0.0,0.0,0.0,0.0,0.0,0.0,18.182,0.0,0.0,0,0
DECOY_3,LEARGPHEIL,0,0.0,0.0,0.0,0.0,0.0,0.0,10.0,0.0,0.0,0,0
DECOY_30,ILIGTLTNSLV,0,0.0,0.0,0.0,0.0,0.0,0.0,9.091,0.0,0.0,0,0
DECOY_31,ALGFLPGYYFT,0,0.0,0.0,0.0,0.0,0.0,0.0,9.091,0.0,0.0,0,0
DECOY_32,NDILVKYRHMS,2,0.0,0.0,0.0,0.0,0.0,0.5,45.455,0.0,0.0,0,0
DECOY_33,IIASPVILYQF,0,0.0,0.0,0.0,0.0,0.0,0.0,9.091,0.0,0.0,0,0
DECOY_34,GLYALASERLE,-1,0.0,0.0,0.0,0.0,0.0,0.0,9.091,0.0,0.0,0,0
DECOY_35,GLYTYRPHEVA,1,0.0,0.0,0.0,0.0,0.0,0.0,9.091,0.0,0.0,0,0
DECOY_36,RDDEVRILMAN,-1,0.0,0.0,0.0,0.0,0.0,1.0,45.455,0.0,0.0,0,0
DECOY_37,LYSGLYALASE,-1,0.0,0.0,0.0,0.0,0.0,0.0,9.091,0.0,0.0,0,0
DECOY_38,GPGSMALIERIG,0,0.0,0.0,0.0,0.0,0.0,1.0,8.333,0.0,0.0,0,0
DECOY_39,RGTRPGLYLYSP,2,0.0,0.0,0.0,0.0,0.0,0.0,16.667,0.0,0.0,0,0
DECOY_4,GLYALAGLYG,0,0.0,0.0,0.0,0.0,0.0,0.0,20.0,0.0,0.0,0,0
DECOY_40,YTHRVALVALSE,1,0.0,0.0,0.0,0.0,0.0,0.0,41.667,0.0,0.0,0,0
DECOY_41,LYSARGALAALA,1,0.0,0.0,0.0,0.0,0.0,0.0,33.333,0.0,0.0,0,0
DECOY_42,TYRTYRILELYS,1,0.0,0.0,0.0,0.0,0.0,0.0,83.333,0.0,0.0,0,0
DECOY_43,GLYARGALATYR,2,0.0,0.0,0.0,0.0,0.0,0.0,8.333,0.0,0.0,0,0
DECOY_44,GVANAVAIAKAG,1,0.0,0.0,0.0,0.0,0.0,0.0,16.667,0.0,0.0,0,0
DECOY_45,ARGASPTRPLYS,2,0.0,0.0,0.0,0.0,0.0,0.0,8.333,0.0,0.0,0,0
DECOY_46,EVMGSIQLCRDA,-1,0.0,0.0,0.0,0.0,0.0,1.0,16.667,0.0,0.0,0,0
DECOY_47,THRSERLYSTYR,3,0.0,0.0,0.0,0.0,0.0,0.0,58.333,0.0,0.0,0,0
DECOY_48,HRILEILEILEA,-1,0.0,0.0,0.0,0.0,0.0,0.0,25.0,0.0,0.0,0,0
DECOY_49,FEFLEKASKLRG,1,0.0,0.0,0.0,0.0,0.0,0.0,8.333,0.0,0.0,0,0
DECOY_5,TRPILEVALA,0,0.0,0.0,0.0,0.0,0.0,0.0,40.0,0.0,0.0,0,0
DECOY_50,AFEMPIVLYVLQ,-1,0.0,0.0,0.0,0.0,0.0,1.0,8.333,0.0,0.0,0,0
DECOY_51,LATYRALASERI,1,0.0,0.0,0.0,0.0,0.0,0.0,8.333,0.0,0.0,0,0
DECOY_52,ERARGASPPHEG,1,0.0,0.0,0.0,0.0,0.0,0.0,25.0,0.0,0.0,0,0
DECOY_53,YFPLDVFKFAIR,1,0.0,0.0,0.0,0.0,0.0,0.0,16.667,0.0,0.0,0,0
DECOY_54,LEDDWNFLESFY,-4,0.0,0.0,0.0,0.0,0.0,0.0,8.333,0.0,0.0,0,0
DECOY_55,GTRPGLYLYSPH,2,0.0,0.0,0.0,0.0,0.0,0.0,8.333,0.0,0.0,0,0
DECOY_56,VLPFSAIFEILG,-1,0.0,0.0,0.0,0.0,0.0,0.0,16.667,0.0,0.0,0,0
DECOY_57,HSVYMSGLWLFS,1,0.0,9.09,0.0,0.0,0.0,1.0,25.0,0.0,0.0,0,0
DECOY_58,YGENIGVMAITR,0,0.0,0.0,0.0,0.0,0.0,1.0,16.667,0.0,0.0,0,0
DECOY_59,SRLGFILAAMGS,1,0.0,0.0,0.0,0.0,0.0,1.0,33.333,0.0,0.0,0,0
DECOY_6,TDEEIKEAAK,-2,0.0,0.0,0.0,0.0,0.0,0.0,90.0,0.0,0.0,0,0
DECOY_60,SNLYSGLNPHEA,0,0.0,0.0,0.0,0.0,0.0,0.0,25.0,0.0,0.0,0,0
DECOY_61,TFRSSIRRLSTR,4,0.0,0.0,0.0,0.0,0.0,0.0,75.0,0.0,0.0,0,0
DECOY_62,YVGRAIRLCHMA,3,0.0,0.0,0.0,0.0,0.0,1.0,16.667,0.0,0.0,0,0
DECOY_63,GFNSSLACIAIG,0,0.0,0.0,0.0,0.0,0.0,0.0,16.667,0.0,0.0,0,0
DECOY_64,GMAFGLQMFIQR,1,0.0,0.0,0.0,0.0,0.0,1.0,8.333,0.0,0.0,0,0
DECOY_65,LETYRGLYVALI,0,0.0,0.0,0.0,0.0,0.0,0.0,8.333,0.0,0.0,0,0
DECOY_66,GGLGFMTFAVLI,0,0.0,0.0,0.0,0.0,0.0,1.0,16.667,0.0,0.0,0,0
DECOY_67,PPHELYSASNAL,0,0.0,0.0,0.0,0.0,0.0,0.0,41.667,0.0,0.0,0,0
DECOY_68,LYGLYARGARGTR,3,0.0,0.0,0.0,0.0,0.0,0.0,7.692,0.0,0.0,0,0
DECOY_69,PALTAPFVLATWL,0,0.0,0.0,0.0,0.0,0.0,0.0,23.077,0.0,0.0,0,0
DECOY_7,MIKRYLQFVK,3,0.0,0.0,0.0,0.0,0.0,0.3333333333333333,20.0,0.0,0.0,0,0
DECOY_70,GLSRVDDAVAAKH,1,0.0,0.0,0.0,0.0,0.0,0.0,7.692,0.0,0.0,0,0
DECOY_71,LEVALVALTHRGL,1,0.0,0.0,0.0,0.0,0.0,0.0,23.077,0.0,0.0,0,0
DECOY_72,LISSVLKVEGVGA,0,0.0,0.0,0.0,0.0,0.0,0.0,15.385,0.0,0.0,0,0
DECOY_73,ALAILEALAALAA,-1,0.0,0.0,0.0,0.0,0.0,0.0,23.077,0.0,0.0,0,0
DECOY_74,NFLMGGVSAAIAK,1,0.0,0.0,0.0,0.0,0.0,0.5,23.077,0.0,0.0,0,0
DECOY_75,RTYRPHEPHEASN,2,0.0,0.0,0.0,0.0,0.0,0.0,84.615,0.0,0.0,0,0
DECOY_76,GLNIFDSVDFIAS,-2,0.0,0.0,0.0,0.0,0.0,0.0,15.385,0.0,0.0,0,0
DECOY_77,CYSARGMETALAI,0,0.0,0.0,0.0,0.0,0.0,1.0,7.692,0.0,0.0,0,0
DECOY_78,YVALSERALAILE,-1,0.0,0.0,0.0,0.0,0.0,0.0,23.077,0.0,0.0,0,0
DECOY_79,LFTAGMLSGVFTT,0,0.0,0.0,0.0,0.0,0.0,1.0,15.385,0.0,0.0,0,0
DECOY_8,GLYALASERL,0,0.0,0.0,0.0,0.0,0.0,0.0,10.0,0.0,0.0,0,0
DECOY_80,PDIPLLLLLGLIIG,-1,0.0,0.0,0.0,0.0,0.0,0.0,35.714,0.0,0.0,0,0
DECOY_81,NLIPVTIGNIIGGG,0,0.0,0.0,0.0,0.0,0.0,0.0,21.429,0.0,0.0,0,0
DECOY_82,LPVFLVLTPFGMMT,0,0.0,0.0,0.0,0.0,0.0,1.0,21.429,0.0,0.0,0,0
DECOY_83,FPRFFASLAGFVTA,1,0.0,0.0,0.0,0.0,0.0,0.0,28.571,0.0,0.0,0,0
DECOY_84,SPGLYTHRMETTHR,3,0.0,0.0,0.0,0.0,0.0,1.0,28.571,0.0,0.0,0,0
DECOY_85,GTLAAFVGYLELLF,-1,0.0,0.0,0.0,0.0,0.0,0.0,21.429,0.0,0.0,0,0
DECOY_86,DTYASMMATIDRMG,-1,0.0,0.0,0.0,0.0,0.0,1.0,28.571,0.0,0.0,0,0
DECOY_87,LPWATYSFLSVAFA,0,0.0,0.0,0.0,0.0,0.0,0.0,21.429,0.0,0.0,0,0
DECOY_88,NYPDALWWAIVTAT,-1,0.0,7.69,0.0,0.0,0.0,0.0,42.857,0.0,0.0,0,0
DECOY_89,LAPHEVALPHETYR,1,0.0,0.0,0.0,0.0,0.0,0.0,7.143,0.0,0.0,0,0
DECOY_9,IPVQLSWHKA,2,0.0,0.0,0.0,0.0,0.0,0.0,10.0,0.0,0.0,0,0
DECOY_90,YGDVVPATPIGKVI,0,0.0,0.0,0.0,0.0,0.0,0.0,28.571,0.0,0.0,0,0
DECOY_91,SNASNALAASNALA,0,0.0,0.0,0.0,0.0,0.0,0.0,42.857,0.0,0.0,0,0
DECOY_92,SRDLRREVLRPLQC,2,0.0,0.0,0.0,0.0,0.0,0.0,28.571,0.0,0.0,0,0
DECOY_93,NATFGNAVELIVSI,-1,0.0,0.0,0.0,0.0,0.0,0.0,28.571,0.0,0.0,0,0
DECOY_94,SGVFLLPANLASTG,0,0.0,0.0,0.0,0.0,0.0,0.0,21.429,0.0,0.0,0,0
DECOY_95,RARGSERALAASPG,2,0.0,0.0,0.0,0.0,0.0,0.0,14.286,0.0,0.0,0,0
DECOY_96,EGLYASPILETHRP,0,0.0,0.0,0.0,0.0,0.0,0.0,14.286,0.0,0.0,0,0
DECOY_97,EDYWSRQRLQERIN,0,0.0,0.0,0.0,0.0,0.0,0.0,92.857,0.0,0.0,0,0
DECOY_98,LNSLINPIIYTMSN,0,0.0,0.0,0.0,0.0,0.0,1.0,7.143,0.0,0.0,0,0
DECOY_99,RGEVGLIVAALGLKA,1,0.0,0.0,0.0,0.0,0.0,0.0,33.333,0.0,0.0,0,0
