unique_id,original_idx,sequence,length,label,status,pdb_file,time_seconds,timestamp,mean_plddt
AMP_1,1,FFFLSRIF,8,1,success,../data/training_dataset/structures/AMP/AMP_1.pdb,0.78,2026-01-15T18:01:53.448128,0.64625
AMP_2,2,GLLKRIKTLL,10,1,success,../data/training_dataset/structures/AMP/AMP_2.pdb,0.4,2026-01-15T18:01:53.856335,0.7630000000000001
AMP_3,3,LSPNLLKSLL,10,1,success,../data/training_dataset/structures/AMP/AMP_3.pdb,0.41,2026-01-15T18:01:54.275277,0.774
AMP_4,4,KKLLKWLKKLL,11,1,success,../data/training_dataset/structures/AMP/AMP_4.pdb,0.39,2026-01-15T18:01:54.671971,0.869090909090909
AMP_5,5,RPKPQQFFGLM,11,1,success,../data/training_dataset/structures/AMP/AMP_5.pdb,0.41,2026-01-15T18:01:55.084107,0.6981818181818181
AMP_6,6,SLLSLLRKLIT,11,1,success,../data/training_dataset/structures/AMP/AMP_6.pdb,0.4,2026-01-15T18:01:55.486542,0.8690909090909091
AMP_7,7,FLPLKKLRFGLL,12,1,success,../data/training_dataset/structures/AMP/AMP_7.pdb,0.41,2026-01-15T18:01:55.896537,0.6525
AMP_8,8,GKWMSLLKHILK,12,1,success,../data/training_dataset/structures/AMP/AMP_8.pdb,0.48,2026-01-15T18:01:56.385903,0.8574999999999999
AMP_9,9,GMWSKILGHLIR,12,1,success,../data/training_dataset/structures/AMP/AMP_9.pdb,0.39,2026-01-15T18:01:56.784820,0.8150000000000001
AMP_10,10,ILGTILGLLKSL,12,1,success,../data/training_dataset/structures/AMP/AMP_10.pdb,0.4,2026-01-15T18:01:57.190726,0.9308333333333333
AMP_11,11,ILPIRSLIKKLL,12,1,success,../data/training_dataset/structures/AMP/AMP_11.pdb,0.39,2026-01-15T18:01:57.583509,0.8216666666666668
AMP_12,12,FKRIVQRIKDFLR,13,1,success,../data/training_dataset/structures/AMP/AMP_12.pdb,0.41,2026-01-15T18:01:57.997290,0.8746153846153847
AMP_13,13,FLGALWNVAKSVF,13,1,success,../data/training_dataset/structures/AMP/AMP_13.pdb,0.41,2026-01-15T18:01:58.411045,0.8946153846153847
AMP_14,14,FLPIVTNLLSGLL,13,1,success,../data/training_dataset/structures/AMP/AMP_14.pdb,0.39,2026-01-15T18:01:58.804235,0.7276923076923076
AMP_15,15,FLPLIGRVLSGIL,13,1,success,../data/training_dataset/structures/AMP/AMP_15.pdb,0.4,2026-01-15T18:01:59.213162,0.6561538461538461
AMP_16,16,FLSGIVGMLGKLF,13,1,success,../data/training_dataset/structures/AMP/AMP_16.pdb,0.39,2026-01-15T18:01:59.604479,0.87
AMP_17,17,FLSHIAGFLSNLF,13,1,success,../data/training_dataset/structures/AMP/AMP_17.pdb,0.41,2026-01-15T18:02:00.020281,0.8684615384615385
AMP_18,18,FLSTLWNAAKSIF,13,1,success,../data/training_dataset/structures/AMP/AMP_18.pdb,0.41,2026-01-15T18:02:00.436089,0.8892307692307693
AMP_19,19,FMPILSCSRFKRC,13,1,success,../data/training_dataset/structures/AMP/AMP_19.pdb,0.4,2026-01-15T18:02:00.836314,0.643076923076923
AMP_20,20,FVQWFSKFLGRIL,13,1,success,../data/training_dataset/structures/AMP/AMP_20.pdb,0.41,2026-01-15T18:02:01.246689,0.8361538461538461
AMP_21,21,GLFDIIKKIAESF,13,1,success,../data/training_dataset/structures/AMP/AMP_21.pdb,0.39,2026-01-15T18:02:01.642554,0.8999999999999999
AMP_22,22,GLFDIIKKIAESI,13,1,success,../data/training_dataset/structures/AMP/AMP_22.pdb,0.41,2026-01-15T18:02:02.055834,0.9100000000000001
AMP_23,23,GLLSLLSLLGKLL,13,1,success,../data/training_dataset/structures/AMP/AMP_23.pdb,0.41,2026-01-15T18:02:02.471343,0.92
AMP_24,24,IFGAIAGLLKNIF,13,1,success,../data/training_dataset/structures/AMP/AMP_24.pdb,0.4,2026-01-15T18:02:02.873300,0.8869230769230769
AMP_25,25,IFGAIWNGIKSLF,13,1,success,../data/training_dataset/structures/AMP/AMP_25.pdb,0.41,2026-01-15T18:02:03.284242,0.9146153846153846
AMP_26,26,IFKAIWSGIKSLF,13,1,success,../data/training_dataset/structures/AMP/AMP_26.pdb,0.39,2026-01-15T18:02:03.681655,0.9084615384615385
AMP_27,27,IIPLPLGYFAKKT,13,1,success,../data/training_dataset/structures/AMP/AMP_27.pdb,0.41,2026-01-15T18:02:04.097489,0.8307692307692307
AMP_28,28,ILGKIWEGIKSLF,13,1,success,../data/training_dataset/structures/AMP/AMP_28.pdb,0.41,2026-01-15T18:02:04.511146,0.9161538461538462
AMP_29,29,LLPIVGNLLKSLL,13,1,success,../data/training_dataset/structures/AMP/AMP_29.pdb,0.48,2026-01-15T18:02:04.992154,0.7923076923076923
AMP_30,30,FFPLALLCKVFKKC,14,1,success,../data/training_dataset/structures/AMP/AMP_30.pdb,0.4,2026-01-15T18:02:05.392980,0.7285714285714285
AMP_31,31,FLLFPLMCKIQGKC,14,1,success,../data/training_dataset/structures/AMP/AMP_31.pdb,0.4,2026-01-15T18:02:05.795231,0.687857142857143
AMP_32,32,FVLPLVMCKILRKC,14,1,success,../data/training_dataset/structures/AMP/AMP_32.pdb,0.42,2026-01-15T18:02:06.215388,0.6807142857142857
AMP_33,33,GFWGKLWEGVKSAI,14,1,success,../data/training_dataset/structures/AMP/AMP_33.pdb,0.44,2026-01-15T18:02:06.660528,0.9185714285714285
AMP_34,34,GILDAIKAIAKAAG,14,1,success,../data/training_dataset/structures/AMP/AMP_34.pdb,0.38,2026-01-15T18:02:07.050016,0.9471428571428572
AMP_35,35,IDWKKLLDAAKQIL,14,1,success,../data/training_dataset/structures/AMP/AMP_35.pdb,0.39,2026-01-15T18:02:07.445633,0.8950000000000002
AMP_36,36,IDWLKLGKMVIDAL,14,1,success,../data/training_dataset/structures/AMP/AMP_36.pdb,0.38,2026-01-15T18:02:07.835025,0.9157142857142856
AMP_37,37,IDWLKLGKMVMDVL,14,1,success,../data/training_dataset/structures/AMP/AMP_37.pdb,0.39,2026-01-15T18:02:08.224610,0.9171428571428571
AMP_38,38,INLKALAALAKKIL,14,1,success,../data/training_dataset/structures/AMP/AMP_38.pdb,0.39,2026-01-15T18:02:08.615034,0.9107142857142857
AMP_39,39,INWKKIFEKVKNLV,14,1,success,../data/training_dataset/structures/AMP/AMP_39.pdb,0.39,2026-01-15T18:02:09.006774,0.8957142857142857
AMP_40,40,INWLKLGKKILGAL,14,1,success,../data/training_dataset/structures/AMP/AMP_40.pdb,0.39,2026-01-15T18:02:09.404852,0.905
AMP_41,41,INWLKLGKKMMSAL,14,1,success,../data/training_dataset/structures/AMP/AMP_41.pdb,0.44,2026-01-15T18:02:09.846033,0.8950000000000001
AMP_42,42,KKKKPLFGLFFGLF,14,1,success,../data/training_dataset/structures/AMP/AMP_42.pdb,0.39,2026-01-15T18:02:10.237627,0.6735714285714287
AMP_43,43,LKLKSIVSWAKKVL,14,1,success,../data/training_dataset/structures/AMP/AMP_43.pdb,0.51,2026-01-15T18:02:10.756743,0.8714285714285717
AMP_44,44,FASLLGKALKALAKQ,15,1,success,../data/training_dataset/structures/AMP/AMP_44.pdb,0.4,2026-01-15T18:02:11.163882,0.9179999999999999
AMP_45,45,KWKLFKKIGAVLKVL,15,1,success,../data/training_dataset/structures/AMP/AMP_45.pdb,0.44,2026-01-15T18:02:11.611792,0.898
AMP_46,46,LNLKGIFKKVASLLT,15,1,success,../data/training_dataset/structures/AMP/AMP_46.pdb,0.47,2026-01-15T18:02:12.083024,0.9113333333333333
AMP_47,47,TSRCYIGYRRKVVCS,15,1,success,../data/training_dataset/structures/AMP/AMP_47.pdb,0.47,2026-01-15T18:02:12.560382,0.8546666666666666
AMP_48,48,VAIALKAAHYHTHKE,15,1,success,../data/training_dataset/structures/AMP/AMP_48.pdb,0.39,2026-01-15T18:02:12.954448,0.7466666666666665
AMP_49,49,VGALAVVVWLFLWLW,15,1,success,../data/training_dataset/structures/AMP/AMP_49.pdb,0.39,2026-01-15T18:02:13.348650,0.8266666666666667
AMP_50,50,VGALAVVVWLWLWLW,15,1,success,../data/training_dataset/structures/AMP/AMP_50.pdb,0.39,2026-01-15T18:02:13.743031,0.8146666666666665
AMP_51,51,VGALAVVVWLYLWLW,15,1,success,../data/training_dataset/structures/AMP/AMP_51.pdb,0.39,2026-01-15T18:02:14.139269,0.8693333333333334
AMP_52,52,VNWKKILGKIIKVAK,15,1,success,../data/training_dataset/structures/AMP/AMP_52.pdb,0.39,2026-01-15T18:02:14.534407,0.9066666666666666
AMP_53,53,VNWKKILGKIIKVVK,15,1,success,../data/training_dataset/structures/AMP/AMP_53.pdb,0.39,2026-01-15T18:02:14.927288,0.9066666666666666
AMP_54,54,VNWKKVLGKIIKVAK,15,1,success,../data/training_dataset/structures/AMP/AMP_54.pdb,0.39,2026-01-15T18:02:15.322885,0.9093333333333333
AMP_55,55,GCSRWIIGIHGQICRD,16,1,success,../data/training_dataset/structures/AMP/AMP_55.pdb,0.39,2026-01-15T18:02:15.714779,0.600625
AMP_56,56,GLFDIVKKVVGAIGSL,16,1,success,../data/training_dataset/structures/AMP/AMP_56.pdb,0.47,2026-01-15T18:02:16.188092,0.925625
AMP_57,57,GLFDIVKKVVGALGSL,16,1,success,../data/training_dataset/structures/AMP/AMP_57.pdb,0.38,2026-01-15T18:02:16.576979,0.91375
AMP_58,58,GLFDVIKKVASVIGGL,16,1,success,../data/training_dataset/structures/AMP/AMP_58.pdb,0.38,2026-01-15T18:02:16.965253,0.8900000000000001
AMP_59,59,ILGKLLSTAAGLLSNL,16,1,success,../data/training_dataset/structures/AMP/AMP_59.pdb,0.39,2026-01-15T18:02:17.355554,0.9375
AMP_60,60,ALYKKFKKKLLKSLKRL,17,1,success,../data/training_dataset/structures/AMP/AMP_60.pdb,0.4,2026-01-15T18:02:17.761587,0.8829411764705882
AMP_61,61,FLPAALAGIGGILGKLF,17,1,success,../data/training_dataset/structures/AMP/AMP_61.pdb,0.39,2026-01-15T18:02:18.156457,0.7141176470588234
AMP_62,62,GVIDAAKKVVNVLKNLF,17,1,success,../data/training_dataset/structures/AMP/AMP_62.pdb,0.39,2026-01-15T18:02:18.548902,0.9252941176470587
AMP_63,63,INWKKIASIGKEVLKAL,17,1,success,../data/training_dataset/structures/AMP/AMP_63.pdb,0.39,2026-01-15T18:02:18.947209,0.9141176470588236
AMP_64,64,ALKAALLAILKIVRVIKK,18,1,success,../data/training_dataset/structures/AMP/AMP_64.pdb,0.39,2026-01-15T18:02:19.344333,0.9199999999999999
AMP_65,65,FFGHLFKLATKIIPSLFQ,18,1,success,../data/training_dataset/structures/AMP/AMP_65.pdb,0.39,2026-01-15T18:02:19.739338,0.8505555555555556
AMP_66,66,GFLSILKKVLPKVMAHMK,18,1,success,../data/training_dataset/structures/AMP/AMP_66.pdb,0.39,2026-01-15T18:02:20.131291,0.8983333333333334
AMP_67,67,GLLGPLLKIAAKVGSNLL,18,1,success,../data/training_dataset/structures/AMP/AMP_67.pdb,0.39,2026-01-15T18:02:20.523614,0.8005555555555556
AMP_68,68,GLVDVLGKVGGLIKKLLP,18,1,success,../data/training_dataset/structures/AMP/AMP_68.pdb,0.39,2026-01-15T18:02:20.921174,0.9222222222222223
AMP_69,69,IFGAILPLALGALKNLIK,18,1,success,../data/training_dataset/structures/AMP/AMP_69.pdb,0.4,2026-01-15T18:02:21.321094,0.8672222222222223
AMP_70,70,KWKLFKKIPKFLHLAKKF,18,1,success,../data/training_dataset/structures/AMP/AMP_70.pdb,0.39,2026-01-15T18:02:21.717253,0.895
AMP_71,71,PAAAAQAVAGLAPVAAEQ,18,1,success,../data/training_dataset/structures/AMP/AMP_71.pdb,0.4,2026-01-15T18:02:22.120264,0.5816666666666667
AMP_72,72,AKKVFKRLEKLFSKIQNDK,19,1,success,../data/training_dataset/structures/AMP/AMP_72.pdb,0.4,2026-01-15T18:02:22.529675,0.8810526315789473
AMP_73,73,FLSLIPHAINAVSAIAKHN,19,1,success,../data/training_dataset/structures/AMP/AMP_73.pdb,0.45,2026-01-15T18:02:22.980969,0.9094736842105262
AMP_74,74,FLSLIPHAINAVSALANHG,19,1,success,../data/training_dataset/structures/AMP/AMP_74.pdb,0.39,2026-01-15T18:02:23.376150,0.9021052631578947
AMP_75,75,FLSLIPHAINAVSTLVHHF,19,1,success,../data/training_dataset/structures/AMP/AMP_75.pdb,0.4,2026-01-15T18:02:23.779930,0.9047368421052631
AMP_76,76,FLWGLIPGAISAVTSLIKK,19,1,success,../data/training_dataset/structures/AMP/AMP_76.pdb,0.42,2026-01-15T18:02:24.203223,0.8536842105263157
AMP_77,77,GFGKAFHSVSNFAKKHKTA,19,1,success,../data/training_dataset/structures/AMP/AMP_77.pdb,0.4,2026-01-15T18:02:24.612389,0.8626315789473683
AMP_78,78,GFGPAFHSVSNFAKKHKTA,19,1,success,../data/training_dataset/structures/AMP/AMP_78.pdb,0.49,2026-01-15T18:02:25.107482,0.6068421052631578
AMP_79,79,GFKDLLKGAAKALVKTVLF,19,1,success,../data/training_dataset/structures/AMP/AMP_79.pdb,0.4,2026-01-15T18:02:25.515008,0.9063157894736843
AMP_80,80,GWMSKIASGIGTFLSGMQQ,19,1,success,../data/training_dataset/structures/AMP/AMP_80.pdb,0.4,2026-01-15T18:02:25.915723,0.9073684210526317
AMP_81,81,KGRGKQGGKVRAKAKTRSS,19,1,success,../data/training_dataset/structures/AMP/AMP_81.pdb,0.4,2026-01-15T18:02:26.318549,0.6915789473684211
AMP_82,82,AALKGCWTKSIPPKPCFGKR,20,1,success,../data/training_dataset/structures/AMP/AMP_82.pdb,0.41,2026-01-15T18:02:26.727616,0.5865000000000001
AMP_83,83,FIGLLISAGKAIHDLIRRRH,20,1,success,../data/training_dataset/structures/AMP/AMP_83.pdb,0.39,2026-01-15T18:02:27.121559,0.9139999999999999
AMP_84,84,FLGGLIKIVPAMICAVTKKC,20,1,success,../data/training_dataset/structures/AMP/AMP_84.pdb,0.47,2026-01-15T18:02:27.600455,0.767
AMP_85,85,GLMSVLGHAVGNVLGGLFKS,20,1,success,../data/training_dataset/structures/AMP/AMP_85.pdb,0.4,2026-01-15T18:02:28.001468,0.8960000000000001
AMP_86,86,GWANTLKNVAGGLCKITGAA,20,1,success,../data/training_dataset/structures/AMP/AMP_86.pdb,0.4,2026-01-15T18:02:28.407884,0.8450000000000001
AMP_87,87,IIGPVLGLVGSALGGLLKKI,20,1,success,../data/training_dataset/structures/AMP/AMP_87.pdb,0.39,2026-01-15T18:02:28.801884,0.897
AMP_88,88,KIKIPWGKVKDFLVGGMKAV,20,1,success,../data/training_dataset/structures/AMP/AMP_88.pdb,0.39,2026-01-15T18:02:29.194797,0.747
AMP_89,89,KRIVQRIKDFLRNLVPRTES,20,1,success,../data/training_dataset/structures/AMP/AMP_89.pdb,0.45,2026-01-15T18:02:29.650835,0.813
AMP_90,90,LAHQKPFIRKSYKCLHKRCR,20,1,success,../data/training_dataset/structures/AMP/AMP_90.pdb,0.39,2026-01-15T18:02:30.044288,0.6234999999999999
AMP_91,91,LIGPVLGLVGSALGGLLKKI,20,1,success,../data/training_dataset/structures/AMP/AMP_91.pdb,0.45,2026-01-15T18:02:30.501732,0.8975000000000002
AMP_92,92,SWASMAKKLKEYMEKLKQRA,20,1,success,../data/training_dataset/structures/AMP/AMP_92.pdb,0.41,2026-01-15T18:02:30.916012,0.9015000000000001
AMP_93,93,SWKSMAKKLKEYMEKLKQRA,20,1,success,../data/training_dataset/structures/AMP/AMP_93.pdb,0.39,2026-01-15T18:02:31.309805,0.8974999999999997
AMP_94,94,VGKTWIKVIRGIGKSKIKWQ,20,1,success,../data/training_dataset/structures/AMP/AMP_94.pdb,0.48,2026-01-15T18:02:31.794974,0.617
AMP_95,95,GFMKYIGPLIPHAVKAISDLI,21,1,success,../data/training_dataset/structures/AMP/AMP_95.pdb,0.39,2026-01-15T18:02:32.192212,0.8666666666666666
AMP_96,96,GIFGKILGVGKKVLCGLSGWC,21,1,success,../data/training_dataset/structures/AMP/AMP_96.pdb,0.39,2026-01-15T18:02:32.588997,0.8080952380952381
AMP_97,97,GLLSFLPKVIGVIGHLIHPPS,21,1,success,../data/training_dataset/structures/AMP/AMP_97.pdb,0.39,2026-01-15T18:02:32.987856,0.6119047619047618
AMP_98,98,GLLSKVLGVGKKVLCGVSGLC,21,1,success,../data/training_dataset/structures/AMP/AMP_98.pdb,0.41,2026-01-15T18:02:33.400409,0.6257142857142858
AMP_99,99,GMASKAGAIAGKIAKVALKAL,21,1,success,../data/training_dataset/structures/AMP/AMP_99.pdb,0.4,2026-01-15T18:02:33.803444,0.9385714285714286
AMP_100,100,RQRVEELSKFSKKGAAARRRK,21,1,success,../data/training_dataset/structures/AMP/AMP_100.pdb,0.39,2026-01-15T18:02:34.199218,0.8066666666666665
AMP_101,101,TRSSRAGLQFPVGRVHRLLRK,21,1,success,../data/training_dataset/structures/AMP/AMP_101.pdb,0.4,2026-01-15T18:02:34.598892,0.6071428571428571
AMP_102,102,FFHHIFRGIVHVGKTIHKLVTG,22,1,success,../data/training_dataset/structures/AMP/AMP_102.pdb,0.41,2026-01-15T18:02:35.008326,0.9231818181818183
AMP_103,103,FFHHIFRGIVHVGKTIHRLVTG,22,1,success,../data/training_dataset/structures/AMP/AMP_103.pdb,0.4,2026-01-15T18:02:35.412540,0.9195454545454544
AMP_104,104,FIHHIFRGIVHAGRSIGRFLTG,22,1,success,../data/training_dataset/structures/AMP/AMP_104.pdb,0.39,2026-01-15T18:02:35.808063,0.9186363636363635
AMP_105,105,GAARKSIRLHRLYTWKATIYTR,22,1,success,../data/training_dataset/structures/AMP/AMP_105.pdb,0.46,2026-01-15T18:02:36.270301,0.8131818181818183
AMP_106,106,GLFVGVLAKVAAHVVPAIAEHF,22,1,success,../data/training_dataset/structures/AMP/AMP_106.pdb,0.48,2026-01-15T18:02:36.750109,0.9013636363636361
AMP_107,107,LGAWLAGKVAGTVATYAWNRYV,22,1,success,../data/training_dataset/structures/AMP/AMP_107.pdb,0.39,2026-01-15T18:02:37.148602,0.6790909090909091
AMP_108,108,MQFITDLIKKAVDFFKGLFGNK,22,1,success,../data/training_dataset/structures/AMP/AMP_108.pdb,0.39,2026-01-15T18:02:37.542994,0.8572727272727273
AMP_109,109,YSLQMGATAIKQVKKLFKKKGG,22,1,success,../data/training_dataset/structures/AMP/AMP_109.pdb,0.4,2026-01-15T18:02:37.943147,0.7350000000000001
AMP_110,110,AFKLLGRIIHHVGNFVYGFSHVF,23,1,success,../data/training_dataset/structures/AMP/AMP_110.pdb,0.4,2026-01-15T18:02:38.347936,0.9021739130434779
AMP_111,111,FLRFIGSVIHGIGHLVHHIGVAL,23,1,success,../data/training_dataset/structures/AMP/AMP_111.pdb,0.4,2026-01-15T18:02:38.749024,0.9217391304347827
AMP_112,112,GIGKFLHSAKKFGKAFVGEIMNS,23,1,success,../data/training_dataset/structures/AMP/AMP_112.pdb,0.4,2026-01-15T18:02:39.148858,0.9178260869565219
AMP_113,113,GINTLKKVIQGLHEVIKLVSNHA,23,1,success,../data/training_dataset/structures/AMP/AMP_113.pdb,0.39,2026-01-15T18:02:39.547074,0.9173913043478261
AMP_114,114,GINTLKKVIQGLHEVIKLVSNHE,23,1,success,../data/training_dataset/structures/AMP/AMP_114.pdb,0.39,2026-01-15T18:02:39.943728,0.8730434782608697
AMP_115,115,GLWQKIKSAAGDLASGIVEGIKS,23,1,success,../data/training_dataset/structures/AMP/AMP_115.pdb,0.46,2026-01-15T18:02:40.410828,0.9421739130434783
AMP_116,116,LFKLLGKIIHHVGNFVHGFSHVF,23,1,success,../data/training_dataset/structures/AMP/AMP_116.pdb,0.39,2026-01-15T18:02:40.809736,0.6747826086956522
AMP_117,117,LLGDFFRKSKEKIGKEFKRIVQR,23,1,success,../data/training_dataset/structures/AMP/AMP_117.pdb,0.39,2026-01-15T18:02:41.208619,0.8839130434782608
AMP_118,118,RIIDLLWRVRRPQKPKFVTVWVR,23,1,success,../data/training_dataset/structures/AMP/AMP_118.pdb,0.39,2026-01-15T18:02:41.606119,0.7156521739130434
AMP_119,119,VFHLLGKIIHHVGNFVYGFSHVF,23,1,success,../data/training_dataset/structures/AMP/AMP_119.pdb,0.39,2026-01-15T18:02:42.004947,0.8991304347826088
AMP_120,120,VFQFLGKIIHHVGNFVHGFSHVF,23,1,success,../data/training_dataset/structures/AMP/AMP_120.pdb,0.4,2026-01-15T18:02:42.405600,0.8395652173913043
AMP_121,121,VFQFLGRIIHHVGNFVHGFSHVF,23,1,success,../data/training_dataset/structures/AMP/AMP_121.pdb,0.39,2026-01-15T18:02:42.804439,0.8426086956521739
AMP_122,122,DSHAKRHHGYKRKFHEKHHSHRGY,24,1,success,../data/training_dataset/structures/AMP/AMP_122.pdb,0.4,2026-01-15T18:02:43.210002,0.5691666666666667
AMP_123,123,FLPILASLAAKFGPKLFCLVTKKC,24,1,success,../data/training_dataset/structures/AMP/AMP_123.pdb,0.4,2026-01-15T18:02:43.617599,0.8891666666666667
AMP_124,124,FWGALAKGALKLIPSLFSSFSKKD,24,1,success,../data/training_dataset/structures/AMP/AMP_124.pdb,0.4,2026-01-15T18:02:44.022461,0.8170833333333333
AMP_125,125,GLFGVLGSIAKHVLPHVVPVIAEK,24,1,success,../data/training_dataset/structures/AMP/AMP_125.pdb,0.4,2026-01-15T18:02:44.427140,0.7683333333333332
AMP_126,126,GLFKVLGSVAKHLLPHVAPVIAEK,24,1,success,../data/training_dataset/structures/AMP/AMP_126.pdb,0.41,2026-01-15T18:02:44.837365,0.7370833333333332
AMP_127,127,GLFKVLGSVAKHLLPHVVPVIAEK,24,1,success,../data/training_dataset/structures/AMP/AMP_127.pdb,0.41,2026-01-15T18:02:45.251699,0.7949999999999999
AMP_128,128,GLFSVLGAVAKHVLPHVVPVIAEK,24,1,success,../data/training_dataset/structures/AMP/AMP_128.pdb,0.4,2026-01-15T18:02:45.658037,0.7766666666666667
AMP_129,129,GLKDKFKSMGEKLKQYIQTWKAKF,24,1,success,../data/training_dataset/structures/AMP/AMP_129.pdb,0.4,2026-01-15T18:02:46.062630,0.9258333333333333
AMP_130,130,GLLNGLALRLGKRALKKIIKRLCR,24,1,success,../data/training_dataset/structures/AMP/AMP_130.pdb,0.46,2026-01-15T18:02:46.523217,0.915
AMP_131,131,GLNALKKVFQGIHEAIKLINNHVQ,24,1,success,../data/training_dataset/structures/AMP/AMP_131.pdb,0.4,2026-01-15T18:02:46.925413,0.9191666666666668
AMP_132,132,GLNTLKKVFQGLHEAIKLINNHVQ,24,1,success,../data/training_dataset/structures/AMP/AMP_132.pdb,0.4,2026-01-15T18:02:47.331274,0.9191666666666668
AMP_133,133,GLRSKIWLWVLLMIWQESNKFKKM,24,1,success,../data/training_dataset/structures/AMP/AMP_133.pdb,0.4,2026-01-15T18:02:47.735107,0.8412499999999999
AMP_134,134,LLKELWTKIKGAGKAVLGKIKGLL,24,1,success,../data/training_dataset/structures/AMP/AMP_134.pdb,0.41,2026-01-15T18:02:48.147886,0.94375
AMP_135,135,RKGWFKAMKSIAKFIAKEKLKEHL,24,1,success,../data/training_dataset/structures/AMP/AMP_135.pdb,0.4,2026-01-15T18:02:48.552822,0.9179166666666667
AMP_136,136,RRWVRRVRRWVRRVVRVVRRWVRR,24,1,success,../data/training_dataset/structures/AMP/AMP_136.pdb,0.4,2026-01-15T18:02:48.958852,0.9208333333333334
AMP_137,137,SLKDKVKSMGEKLKQYIQTWKAKF,24,1,success,../data/training_dataset/structures/AMP/AMP_137.pdb,0.4,2026-01-15T18:02:49.361836,0.9208333333333334
AMP_138,138,VIPFVASVAAEMMHHVYCAASKRC,24,1,success,../data/training_dataset/structures/AMP/AMP_138.pdb,0.4,2026-01-15T18:02:49.763639,0.8454166666666666
AMP_139,139,WRSLGRTLLRLSHALKPLARRSGW,24,1,success,../data/training_dataset/structures/AMP/AMP_139.pdb,0.4,2026-01-15T18:02:50.169946,0.86375
AMP_140,140,FFGSLLSLGSKLLPSVFKLFQRKKE,25,1,success,../data/training_dataset/structures/AMP/AMP_140.pdb,0.4,2026-01-15T18:02:50.575757,0.8728
AMP_141,141,FFGWLIKGAIHAGKAIHGLIHRRRH,25,1,success,../data/training_dataset/structures/AMP/AMP_141.pdb,0.47,2026-01-15T18:02:51.049846,0.8847999999999999
AMP_142,142,FFGWLIRGAIHAGKAIHGLIHRRRH,25,1,success,../data/training_dataset/structures/AMP/AMP_142.pdb,0.41,2026-01-15T18:02:51.464901,0.8839999999999999
AMP_143,143,GAWKNFWSSLRKGFYDGEAGRAIRR,25,1,success,../data/training_dataset/structures/AMP/AMP_143.pdb,0.41,2026-01-15T18:02:51.883403,0.7484000000000001
AMP_144,144,GIGAAILSAGKSALKGLAKGLAEHF,25,1,success,../data/training_dataset/structures/AMP/AMP_144.pdb,0.4,2026-01-15T18:02:52.289075,0.9427999999999999
AMP_145,145,GIGAAILSAGKSIIKGLANGLAEHF,25,1,success,../data/training_dataset/structures/AMP/AMP_145.pdb,0.41,2026-01-15T18:02:52.704049,0.94
AMP_146,146,GLLGVLGSVAKHVLPHVVPVIAEHL,25,1,success,../data/training_dataset/structures/AMP/AMP_146.pdb,0.4,2026-01-15T18:02:53.110398,0.7484000000000001
AMP_147,147,GLLSSLSSVAKHVLPHVVPVIAEHL,25,1,success,../data/training_dataset/structures/AMP/AMP_147.pdb,0.41,2026-01-15T18:02:53.525085,0.9107999999999999
AMP_148,148,GLLSVLGSVAKHVLPHVVPVIAEHL,25,1,success,../data/training_dataset/structures/AMP/AMP_148.pdb,0.4,2026-01-15T18:02:53.931109,0.7212000000000001
AMP_149,149,GLLSVLGSVAQHVLPHVVPVIAEHL,25,1,success,../data/training_dataset/structures/AMP/AMP_149.pdb,0.44,2026-01-15T18:02:54.376714,0.9292
AMP_150,150,GLLSVLGSVVKHVIPHVVPVIAEHL,25,1,success,../data/training_dataset/structures/AMP/AMP_150.pdb,0.4,2026-01-15T18:02:54.781242,0.9252000000000001
AMP_151,151,GVVDILKGAAKDIAGHLASKVMNKL,25,1,success,../data/training_dataset/structures/AMP/AMP_151.pdb,0.41,2026-01-15T18:02:55.192267,0.9408
AMP_152,152,GWGSFFKKAAHVGKHVGKAALTHYL,25,1,success,../data/training_dataset/structures/AMP/AMP_152.pdb,0.4,2026-01-15T18:02:55.600970,0.7615999999999999
AMP_153,153,HVDKKVADKVLLLKQLRIMRLLTRL,25,1,success,../data/training_dataset/structures/AMP/AMP_153.pdb,0.47,2026-01-15T18:02:56.073741,0.8676
AMP_154,154,IWLTALKFLGKHAAKHLAKQQLSKL,25,1,success,../data/training_dataset/structures/AMP/AMP_154.pdb,0.4,2026-01-15T18:02:56.476406,0.9208
AMP_155,155,KRRGSVTTRYQFLMIHLLRPKKLFA,25,1,success,../data/training_dataset/structures/AMP/AMP_155.pdb,0.48,2026-01-15T18:02:56.958404,0.6516
AMP_156,156,NLVSGLIEARKYLEQLHRKLKNCKV,25,1,success,../data/training_dataset/structures/AMP/AMP_156.pdb,0.49,2026-01-15T18:02:57.451427,0.884
AMP_157,157,WLGSALKIGAKLLPSVVGLFKKKKQ,25,1,success,../data/training_dataset/structures/AMP/AMP_157.pdb,0.4,2026-01-15T18:02:57.853884,0.8675999999999999
AMP_158,158,FWGHIWNAVKRVGANALHGAVTGALS,26,1,success,../data/training_dataset/structures/AMP/AMP_158.pdb,0.4,2026-01-15T18:02:58.261840,0.9342307692307692
AMP_159,159,GIGAVLKVLTTGLPALISWIKRKRQQ,26,1,success,../data/training_dataset/structures/AMP/AMP_159.pdb,0.4,2026-01-15T18:02:58.667835,0.8765384615384616
AMP_160,160,GLFGKLIKKFGRKAISYAVKKARGKH,26,1,success,../data/training_dataset/structures/AMP/AMP_160.pdb,0.4,2026-01-15T18:02:59.075145,0.8473076923076923
AMP_161,161,GLWNKIKEAASKAAGKAALGFVNEMV,26,1,success,../data/training_dataset/structures/AMP/AMP_161.pdb,0.4,2026-01-15T18:02:59.483093,0.9384615384615385
AMP_162,162,KRFGRLAKSFLRMRILLPRRKILLAS,26,1,success,../data/training_dataset/structures/AMP/AMP_162.pdb,0.4,2026-01-15T18:02:59.890007,0.6269230769230769
AMP_163,163,KSSAYSLQMGATAIKQVKKLFKKWGW,26,1,success,../data/training_dataset/structures/AMP/AMP_163.pdb,0.41,2026-01-15T18:03:00.299243,0.8707692307692307
AMP_164,164,RVKRVWPLVIRTVIAGYNLYRAIKKK,26,1,success,../data/training_dataset/structures/AMP/AMP_164.pdb,0.4,2026-01-15T18:03:00.701639,0.8823076923076922
AMP_165,165,SMWSGMWRRKLKKLRNALKKKLKGEK,26,1,success,../data/training_dataset/structures/AMP/AMP_165.pdb,0.4,2026-01-15T18:03:01.105200,0.8423076923076924
AMP_166,166,ALWMTLLKKVLKAAAKALNAVLVGANA,27,1,success,../data/training_dataset/structures/AMP/AMP_166.pdb,0.4,2026-01-15T18:03:01.510957,0.9229629629629628
AMP_167,167,GIGASILSAGKSALKGLAKGLAEHFAN,27,1,success,../data/training_dataset/structures/AMP/AMP_167.pdb,0.4,2026-01-15T18:03:01.912787,0.9511111111111111
AMP_168,168,GIGGVLLSAGKAALKGLAKVLAEKYAN,27,1,success,../data/training_dataset/structures/AMP/AMP_168.pdb,0.4,2026-01-15T18:03:02.318234,0.9455555555555556
AMP_169,169,GIGSAILSAGKSALKGLAKGLAEHFAN,27,1,success,../data/training_dataset/structures/AMP/AMP_169.pdb,0.4,2026-01-15T18:03:02.724472,0.9522222222222223
AMP_170,170,GLPRKILCAIAKKKGKCKGPLKLVCKC,27,1,success,../data/training_dataset/structures/AMP/AMP_170.pdb,0.4,2026-01-15T18:03:03.127934,0.662222222222222
AMP_171,171,GRFKRFRKKFKKLFKKLSPVIPLLHLG,27,1,success,../data/training_dataset/structures/AMP/AMP_171.pdb,0.46,2026-01-15T18:03:03.589436,0.8718518518518518
AMP_172,172,KIKWFKTMKSIAKFIAKEQMKKHLGGE,27,1,success,../data/training_dataset/structures/AMP/AMP_172.pdb,0.4,2026-01-15T18:03:03.993002,0.8174074074074075
AMP_173,173,KRRHWFPLSFQEFLEQLRRFRDQLPFP,27,1,success,../data/training_dataset/structures/AMP/AMP_173.pdb,0.4,2026-01-15T18:03:04.397630,0.7385185185185185
AMP_174,174,MRKEFHNVLSSGQLLADKRPARDYNRK,27,1,success,../data/training_dataset/structures/AMP/AMP_174.pdb,0.42,2026-01-15T18:03:04.824766,0.7374074074074075
AMP_175,175,RFGRFLRKIRRFRPKVTITIQGSARFG,27,1,success,../data/training_dataset/structures/AMP/AMP_175.pdb,0.4,2026-01-15T18:03:05.228539,0.6996296296296296
AMP_176,176,ALWKDILKNVGKAAGKAVLNTVTDMVNQ,28,1,success,../data/training_dataset/structures/AMP/AMP_176.pdb,0.4,2026-01-15T18:03:05.634563,0.9407142857142856
AMP_177,177,GFFGKMKEYFKKFGASFKRRFANLKKRL,28,1,success,../data/training_dataset/structures/AMP/AMP_177.pdb,0.4,2026-01-15T18:03:06.038180,0.9246428571428574
AMP_178,178,GGLRSLGRKILRAWKKYGPIIVPIIRIG,28,1,success,../data/training_dataset/structures/AMP/AMP_178.pdb,0.4,2026-01-15T18:03:06.439782,0.797142857142857
AMP_179,179,GFMDTAKNVAKNVAVTLIDNLKCKITKAC,29,1,success,../data/training_dataset/structures/AMP/AMP_179.pdb,0.4,2026-01-15T18:03:06.846007,0.93
AMP_180,180,GLWSKIKTAGKSVAKAAAKAAVKAVTNAV,29,1,success,../data/training_dataset/structures/AMP/AMP_180.pdb,0.39,2026-01-15T18:03:07.244909,0.9555172413793104
AMP_181,181,LLGDFFRKSKEKIGKEFKRIVQRIKDFLR,29,1,success,../data/training_dataset/structures/AMP/AMP_181.pdb,0.4,2026-01-15T18:03:07.647057,0.8755172413793104
AMP_182,182,RGLRRLGRKIAHGVKKYGPTVLRIIRIAG,29,1,success,../data/training_dataset/structures/AMP/AMP_182.pdb,0.4,2026-01-15T18:03:08.047199,0.9227586206896552
AMP_183,183,RKCNFLCKLKEKLRTVITSHIDKVLRPQG,29,1,success,../data/training_dataset/structures/AMP/AMP_183.pdb,0.4,2026-01-15T18:03:08.446512,0.8031034482758623
AMP_184,184,RVKRFWPLVPVAINTVAAGINLYKAIRRK,29,1,success,../data/training_dataset/structures/AMP/AMP_184.pdb,0.4,2026-01-15T18:03:08.849307,0.9055172413793104
AMP_185,185,SIGSAFKKALPVAKKIGKAALPIAKAALP,29,1,success,../data/training_dataset/structures/AMP/AMP_185.pdb,0.4,2026-01-15T18:03:09.249266,0.9196551724137932
AMP_186,186,SIGSALKKALPVAKKIGKIALPIAKAALP,29,1,success,../data/training_dataset/structures/AMP/AMP_186.pdb,0.4,2026-01-15T18:03:09.654718,0.923448275862069
AMP_187,187,ALWKNMLKGIGKLAGKAALGAVKKLVGAES,30,1,success,../data/training_dataset/structures/AMP/AMP_187.pdb,0.4,2026-01-15T18:03:10.060238,0.8866666666666665
AMP_188,188,ALWKTIIKGAGKMIGSLAKNLLGSQAQPES,30,1,success,../data/training_dataset/structures/AMP/AMP_188.pdb,0.4,2026-01-15T18:03:10.460705,0.7979999999999998
AMP_189,189,CSTNTFSLSDYWGNNGAWCTLTHECMAWCK,30,1,success,../data/training_dataset/structures/AMP/AMP_189.pdb,0.4,2026-01-15T18:03:10.862014,0.47666666666666674
AMP_190,190,FNRGGYNFGKSVRHVVDAIGSVAGILKSIR,30,1,success,../data/training_dataset/structures/AMP/AMP_190.pdb,0.4,2026-01-15T18:03:11.264444,0.7813333333333333
AMP_191,191,GIRCPKSWKCKAFKQRVLKRLLAMLRQHAF,30,1,success,../data/training_dataset/structures/AMP/AMP_191.pdb,0.4,2026-01-15T18:03:11.665318,0.7669999999999999
AMP_192,192,GNAACVIGCIGSCVISEGIGSLVGTAFTLG,30,1,success,../data/training_dataset/structures/AMP/AMP_192.pdb,0.4,2026-01-15T18:03:12.067373,0.52
AMP_193,193,GWFKKAWRKVKNAGRRVLKGVGIHYGVGLI,30,1,success,../data/training_dataset/structures/AMP/AMP_193.pdb,0.41,2026-01-15T18:03:12.479386,0.6489999999999999
AMP_194,194,GWKDWAKKAGGWLKKKGPGMAKAALKAAMQ,30,1,success,../data/training_dataset/structures/AMP/AMP_194.pdb,0.4,2026-01-15T18:03:12.883975,0.9170000000000001
AMP_195,195,ILQKAVLDCLKAAGSSLSKAAITAIYNKIT,30,1,success,../data/training_dataset/structures/AMP/AMP_195.pdb,0.4,2026-01-15T18:03:13.284722,0.8470000000000001
AMP_196,196,KFFRKLKKSVKKRAKEFFKKPRVIGVSIPF,30,1,success,../data/training_dataset/structures/AMP/AMP_196.pdb,0.4,2026-01-15T18:03:13.687140,0.8483333333333333
AMP_197,197,KSKEKIGKEFKRIVQRIKDFLRNLVPRTES,30,1,success,../data/training_dataset/structures/AMP/AMP_197.pdb,0.4,2026-01-15T18:03:14.091413,0.8193333333333334
AMP_198,198,GWFGKAFRSVSNFYKKHKTYIHAGLSAATLL,31,1,success,../data/training_dataset/structures/AMP/AMP_198.pdb,0.4,2026-01-15T18:03:14.497146,0.9206451612903225
AMP_199,199,RKSKEKIGKEFKRIVQRIKDFLRNLVPRTES,31,1,success,../data/training_dataset/structures/AMP/AMP_199.pdb,0.4,2026-01-15T18:03:14.902303,0.8190322580645162
AMP_200,200,SWLSKTAKKLENSAKKRISEGIAIAIQGGPR,31,1,success,../data/training_dataset/structures/AMP/AMP_200.pdb,0.42,2026-01-15T18:03:15.329115,0.8825806451612904
AMP_201,201,GILSSFKGVAKGVAKDLAGKLLETLKCKITGC,32,1,success,../data/training_dataset/structures/AMP/AMP_201.pdb,0.4,2026-01-15T18:03:15.735785,0.9259375
AMP_202,202,GILSSFKGVAKGVAKNLAGKLLDELKCKITGC,32,1,success,../data/training_dataset/structures/AMP/AMP_202.pdb,0.4,2026-01-15T18:03:16.138439,0.9271875
AMP_203,203,GLGGAKKNFIIAANKTAPQSVKKTFSCKLYNG,32,1,success,../data/training_dataset/structures/AMP/AMP_203.pdb,0.4,2026-01-15T18:03:16.538647,0.5503125000000001
AMP_204,204,GMWSKIKNAGKAAKAAAKAAGKAALGAVSEAM,32,1,success,../data/training_dataset/structures/AMP/AMP_204.pdb,0.4,2026-01-15T18:03:16.938024,0.9534374999999999
AMP_205,205,GWLRKAAKSVGKFYYKHKYYIKAAWKIGRHAL,32,1,success,../data/training_dataset/structures/AMP/AMP_205.pdb,0.4,2026-01-15T18:03:17.339732,0.9156249999999999
AMP_206,206,GWLRKAAKSVGKFYYKHKYYIKAAWQIGKHAL,32,1,success,../data/training_dataset/structures/AMP/AMP_206.pdb,0.4,2026-01-15T18:03:17.741916,0.931875
AMP_207,207,GFFALIPKIISSPLFKTLLSAVGSALSSSGEQE,33,1,success,../data/training_dataset/structures/AMP/AMP_207.pdb,0.4,2026-01-15T18:03:18.146458,0.8303030303030303
AMP_208,208,GFFALIPKIISSPLFKTLLSAVGSALSSSGGQE,33,1,success,../data/training_dataset/structures/AMP/AMP_208.pdb,0.4,2026-01-15T18:03:18.546509,0.8227272727272728
AMP_209,209,GLFGRLRDSLQRGGQKILEKAERIWCKIKDIFR,33,1,success,../data/training_dataset/structures/AMP/AMP_209.pdb,0.4,2026-01-15T18:03:18.949900,0.9233333333333335
AMP_210,210,GLWSKIKAAGKEAAKAAAKAAGKAALNAVSEAV,33,1,success,../data/training_dataset/structures/AMP/AMP_210.pdb,0.4,2026-01-15T18:03:19.349754,0.9512121212121212
AMP_211,211,GLWSKIKEVGKEAAKAAAKAAGKAALGAVSEAV,33,1,success,../data/training_dataset/structures/AMP/AMP_211.pdb,0.4,2026-01-15T18:03:19.750407,0.9493939393939395
AMP_212,212,GVLGAVKDLLIGAGKSAAQSVLKTLSCKLSNDC,33,1,success,../data/training_dataset/structures/AMP/AMP_212.pdb,0.4,2026-01-15T18:03:20.150656,0.9081818181818182
AMP_213,213,QAFQTFKPDWNKIRYDAMKMQTSLGQMKKRFNL,33,1,success,../data/training_dataset/structures/AMP/AMP_213.pdb,0.4,2026-01-15T18:03:20.552987,0.8633333333333334
AMP_214,214,RSGRGECRRQCLRRHEGQPWETQECMRRCRRRG,33,1,success,../data/training_dataset/structures/AMP/AMP_214.pdb,0.41,2026-01-15T18:03:20.970897,0.8451515151515153
AMP_215,215,SLGSFLKGVGTTLASVGKVVSDQFGKLLQAGQG,33,1,success,../data/training_dataset/structures/AMP/AMP_215.pdb,0.42,2026-01-15T18:03:21.393122,0.9336363636363636
AMP_216,216,TITLSTCAILSKPLGNNGYLCTVTKECMPSSCN,33,1,success,../data/training_dataset/structures/AMP/AMP_216.pdb,0.4,2026-01-15T18:03:21.794896,0.5096969696969698
AMP_217,217,ALWFTMLKKLGTMALHAGKAALGAAANTISQGTQ,34,1,success,../data/training_dataset/structures/AMP/AMP_217.pdb,0.47,2026-01-15T18:03:22.264596,0.9044117647058822
AMP_218,218,ALWKTMLKKLGTMALHAGKAALGAAADTISQGTQ,34,1,success,../data/training_dataset/structures/AMP/AMP_218.pdb,0.4,2026-01-15T18:03:22.671230,0.9155882352941177
AMP_219,219,GETFDKLKEKLKTFYQKLVEKAEDLKGDLKAKLS,34,1,success,../data/training_dataset/structures/AMP/AMP_219.pdb,0.39,2026-01-15T18:03:23.069183,0.9167647058823529
AMP_220,220,GFKLKGMARISCLPNGQWSNFPPKCIRECAMVSS,34,1,success,../data/training_dataset/structures/AMP/AMP_220.pdb,0.39,2026-01-15T18:03:23.466992,0.833235294117647
AMP_221,221,GFWKKVGSAAWGGVKAAAKGAAVGGLNALAKHIQ,34,1,success,../data/training_dataset/structures/AMP/AMP_221.pdb,0.4,2026-01-15T18:03:23.867991,0.931470588235294
AMP_222,222,GLLRKGGEKIGEKLKKIGQKIKNFFQKLVPQPEQ,34,1,success,../data/training_dataset/structures/AMP/AMP_222.pdb,0.41,2026-01-15T18:03:24.279832,0.8202941176470588
AMP_223,223,GLVRKGGEKFGEKLRKIGQKIKEFFQKLALEIEQ,34,1,success,../data/training_dataset/structures/AMP/AMP_223.pdb,0.4,2026-01-15T18:03:24.687769,0.8626470588235294
AMP_224,224,KRFKKFFKKLKKSVKKRAKKFFKKPRVIGVSIPF,34,1,success,../data/training_dataset/structures/AMP/AMP_224.pdb,0.4,2026-01-15T18:03:25.088918,0.8061764705882353
AMP_225,225,KRFKKFFKKLKNSVKKRAKKFFKKPKVIGVTFPF,34,1,success,../data/training_dataset/structures/AMP/AMP_225.pdb,0.41,2026-01-15T18:03:25.498987,0.8329411764705883
AMP_226,226,KRFKKFFKKLKNSVKKRAKKFFKKPRVIGVSIPF,34,1,success,../data/training_dataset/structures/AMP/AMP_226.pdb,0.4,2026-01-15T18:03:25.899573,0.8123529411764706
AMP_227,227,GFGALFKFLAKKVAKTVAKQAAKQGAKYVVNKQME,35,1,success,../data/training_dataset/structures/AMP/AMP_227.pdb,0.4,2026-01-15T18:03:26.301001,0.9374285714285715
AMP_228,228,NKGCATCSIGAACLVDGPIPDFEIAGATGLFGLWG,35,1,success,../data/training_dataset/structures/AMP/AMP_228.pdb,0.39,2026-01-15T18:03:26.699695,0.496
AMP_229,229,YPSKPDNPGEDAPAEDMARYYSALRHYINLITRQRY,36,1,success,../data/training_dataset/structures/AMP/AMP_229.pdb,0.4,2026-01-15T18:03:27.101657,0.711111111111111
AMP_230,230,ACDTATCVTHRLAGLLSRSGGVVKNNFVPTNVGSKAF,37,1,success,../data/training_dataset/structures/AMP/AMP_230.pdb,0.4,2026-01-15T18:03:27.503428,0.6072972972972973
AMP_231,231,GFFKKAWRKVKHAGRRVLDTAKGVGRHYVNNWLNRYR,37,1,success,../data/training_dataset/structures/AMP/AMP_231.pdb,0.4,2026-01-15T18:03:27.903113,0.9162162162162162
AMP_232,232,GILDTLKQFAKGVGKDLVKGAAQGVLSTVSCKLAKTC,37,1,success,../data/training_dataset/structures/AMP/AMP_232.pdb,0.4,2026-01-15T18:03:28.304522,0.7821621621621621
AMP_233,233,GKFSGFAKILKSIAKFFKGVGKVRKGFKEASDLDKNQ,37,1,success,../data/training_dataset/structures/AMP/AMP_233.pdb,0.42,2026-01-15T18:03:28.729028,0.8959459459459459
AMP_234,234,GKFSVFGKILRSIAKVFKGVGKVRKQFKTASDLDKNQ,37,1,success,../data/training_dataset/structures/AMP/AMP_234.pdb,0.39,2026-01-15T18:03:29.127908,0.8467567567567567
AMP_235,235,GKFSVFSKILRSIAKVFKGVGKVRKGFKTASDLDKNQ,37,1,success,../data/training_dataset/structures/AMP/AMP_235.pdb,0.4,2026-01-15T18:03:29.528146,0.9045945945945946
AMP_236,236,GKLSGISKVLRAIAKFFKGVGKARKQFKEASDLDKNQ,37,1,success,../data/training_dataset/structures/AMP/AMP_236.pdb,0.39,2026-01-15T18:03:29.926703,0.8659459459459459
AMP_237,237,GLLSRLRDFLSDRGRRLGEKIERIGQKIKDLSEFFQS,37,1,success,../data/training_dataset/structures/AMP/AMP_237.pdb,0.4,2026-01-15T18:03:30.327368,0.9278378378378378
AMP_238,238,GLRKRLRKFRNKIKEKLKKIGQKIQGFVPKLAPRTDY,37,1,success,../data/training_dataset/structures/AMP/AMP_238.pdb,0.4,2026-01-15T18:03:30.730821,0.7943243243243243
AMP_239,239,KCNTATCATQRLANFLVHSSNNFGAILSSTNVGSNTY,37,1,success,../data/training_dataset/structures/AMP/AMP_239.pdb,0.4,2026-01-15T18:03:31.138086,0.6037837837837838
AMP_240,240,KWKLFKKIEKVGQNIRDGIIKAGPAVAVVGQATQIAK,37,1,success,../data/training_dataset/structures/AMP/AMP_240.pdb,0.4,2026-01-15T18:03:31.538825,0.6999999999999998
AMP_241,241,LLGDFFRKAREKIGEEFKRIVQRIKDFLRNLVPRTES,37,1,success,../data/training_dataset/structures/AMP/AMP_241.pdb,0.4,2026-01-15T18:03:31.939677,0.8278378378378379
AMP_242,242,LLGDFFRKSKEKIGKEFKRIVQRIKDFLRNLVPRTES,37,1,success,../data/training_dataset/structures/AMP/AMP_242.pdb,0.4,2026-01-15T18:03:32.342115,0.7991891891891892
AMP_243,243,QLGELIQQGGQKIVEKIQKIGQRIRDFFSNLRPRQEA,37,1,success,../data/training_dataset/structures/AMP/AMP_243.pdb,0.4,2026-01-15T18:03:32.746238,0.8167567567567567
AMP_244,244,RLGDILQKAREKIEGGLKKLVQKIKDFFGKFAPRTES,37,1,success,../data/training_dataset/structures/AMP/AMP_244.pdb,0.4,2026-01-15T18:03:33.147478,0.8675675675675676
AMP_245,245,RLGNFFRKAKKKIGRGLKKIGQKIKDFLGNLVPRTES,37,1,success,../data/training_dataset/structures/AMP/AMP_245.pdb,0.4,2026-01-15T18:03:33.548953,0.8343243243243244
AMP_246,246,RLGNFFRKVKEKIGGGLKKVGQKIKDFLGNLVPRTAS,37,1,success,../data/training_dataset/structures/AMP/AMP_246.pdb,0.4,2026-01-15T18:03:33.949907,0.7897297297297297
AMP_247,247,RWKIFKKIEKVGRNVRDGIIKAGPAVAVVGQAATVVK,37,1,success,../data/training_dataset/structures/AMP/AMP_247.pdb,0.44,2026-01-15T18:03:34.392434,0.5967567567567567
AMP_248,248,SLGNFFRKARKKIGEEFKRIVQRIKDFLQHLIPRTEA,37,1,success,../data/training_dataset/structures/AMP/AMP_248.pdb,0.48,2026-01-15T18:03:34.872651,0.8089189189189189
AMP_249,249,VGRFRRLRKKTRKRLKKIGKVLKWIPPIVGSIPLGCG,37,1,success,../data/training_dataset/structures/AMP/AMP_249.pdb,0.39,2026-01-15T18:03:35.271337,0.7162162162162162
AMP_250,250,ALLGDFFRKSKEKIGKEFKRIVQRIKDFLRNLVPRTES,38,1,success,../data/training_dataset/structures/AMP/AMP_250.pdb,0.4,2026-01-15T18:03:35.673041,0.8171052631578947
AMP_251,251,KWKIFKKIEHMGQNIRDGLIKAGPAVQVVGQAATIYKG,38,1,success,../data/training_dataset/structures/AMP/AMP_251.pdb,0.4,2026-01-15T18:03:36.072231,0.6071052631578948
AMP_252,252,RLKELITTGGQKIGEKIRRIGQRIKDFFKNLQPREEKS,38,1,success,../data/training_dataset/structures/AMP/AMP_252.pdb,0.39,2026-01-15T18:03:36.469068,0.8186842105263158
AMP_253,253,GSCSCSGTISPYGLRTCRATKTKPSHPTTKETHPQTLPT,39,1,success,../data/training_dataset/structures/AMP/AMP_253.pdb,0.41,2026-01-15T18:03:36.884187,0.6317948717948717
AMP_254,254,GTWDDIGQGIGRVAYWVGKALGNLSDVNQASRINRKKKH,39,1,success,../data/training_dataset/structures/AMP/AMP_254.pdb,0.4,2026-01-15T18:03:37.292687,0.9071794871794873
AMP_255,255,GWLKKIGKKIERVGQHTRDATIQGLGIAQQAANVAATAR,39,1,success,../data/training_dataset/structures/AMP/AMP_255.pdb,0.4,2026-01-15T18:03:37.692728,0.9312820512820513
AMP_256,256,GWLKKIGKKIERVGQHTRDATIQTIGVAQQAANVAATLK,39,1,success,../data/training_dataset/structures/AMP/AMP_256.pdb,0.4,2026-01-15T18:03:38.093928,0.9356410256410257
AMP_257,257,KPFKKLEKVGRNIRDGIIKAGPAVAVIGQATSIARPTGK,39,1,success,../data/training_dataset/structures/AMP/AMP_257.pdb,0.4,2026-01-15T18:03:38.494670,0.581025641025641
AMP_258,258,DAEFRHDSGYEVHHQKLVFFAEDVGSNKGAIIGLMVGGVV,40,1,success,../data/training_dataset/structures/AMP/AMP_258.pdb,0.4,2026-01-15T18:03:38.896749,0.47775
AMP_259,259,KRFHSVGSLIQRHQQMIRDKSEATRHGIRIITRPKLLLAS,40,1,success,../data/training_dataset/structures/AMP/AMP_259.pdb,0.4,2026-01-15T18:03:39.296277,0.68025
AMP_260,260,AKIPIKAIKTVGKAVGKGLRAINIASTANDVFNFLKPKKRKA,42,1,success,../data/training_dataset/structures/AMP/AMP_260.pdb,0.4,2026-01-15T18:03:39.700287,0.5864285714285715
AMP_261,261,DAEFRHDSGYEVHHQKLVFFAEDVGSNKGAIIGLMVGGVVIA,42,1,success,../data/training_dataset/structures/AMP/AMP_261.pdb,0.4,2026-01-15T18:03:40.099796,0.46547619047619043
AMP_262,262,GKIPVKAIKKAGAAIGKGLRAINIASTAHDVYSFFKPKHKKK,42,1,success,../data/training_dataset/structures/AMP/AMP_262.pdb,0.39,2026-01-15T18:03:40.497429,0.5697619047619048
AMP_263,263,GKIPVKAIKQAGKVIGKGLRAINIAGTTHDVVSFFRPKKKKH,42,1,success,../data/training_dataset/structures/AMP/AMP_263.pdb,0.4,2026-01-15T18:03:40.902654,0.5083333333333334
AMP_264,264,GKWGWIYITILFADVGGFKSSRHPEERRVQERRFKRITRGPD,42,1,success,../data/training_dataset/structures/AMP/AMP_264.pdb,0.48,2026-01-15T18:03:41.384314,0.5438095238095237
AMP_265,265,RGFRKHFNKLVKKVKHTISETAHVAKDTAVIAGSGAAVVAAT,42,1,success,../data/training_dataset/structures/AMP/AMP_265.pdb,0.39,2026-01-15T18:03:41.783004,0.6047619047619048
AMP_266,266,GLRKKFRKTRKRIQKLGRKIGKTGRKVWKAWREYGQIPYPCRI,43,1,success,../data/training_dataset/structures/AMP/AMP_266.pdb,0.4,2026-01-15T18:03:42.184079,0.8246511627906978
AMP_267,267,KPAWCWYTLAMCGAGYDSGTCDYMYSHCFGIKHHSSGSSSYHC,43,1,success,../data/training_dataset/structures/AMP/AMP_267.pdb,0.4,2026-01-15T18:03:42.584375,0.6390697674418605
AMP_268,268,MGAIAKLVAKFGWPFIKKFYKQIMQFIGQGWTIDQIEKWLKRH,43,1,success,../data/training_dataset/structures/AMP/AMP_268.pdb,0.4,2026-01-15T18:03:42.985345,0.924418604651163
AMP_269,269,FFRHLFRGAKAIFRGARQGWRAHKVVSRYRNRDVPETDNNQEEP,44,1,success,../data/training_dataset/structures/AMP/AMP_269.pdb,0.4,2026-01-15T18:03:43.389189,0.5418181818181819
AMP_270,270,GKVWDWIKSAAKKIWSSEPVSQLKGQVLNAAKNYVAEKIGATPT,44,1,success,../data/training_dataset/structures/AMP/AMP_270.pdb,0.4,2026-01-15T18:03:43.789801,0.779090909090909
AMP_271,271,GKVWDWIKSTAKKLWNSEPVKELKNTALNAAKNFVAEKIGATPS,44,1,success,../data/training_dataset/structures/AMP/AMP_271.pdb,0.4,2026-01-15T18:03:44.190766,0.8761363636363637
AMP_272,272,GKVWDWIKSTAKKLWNSEPVKELKNTALNAAKNLVAEKIGATPS,44,1,success,../data/training_dataset/structures/AMP/AMP_272.pdb,0.4,2026-01-15T18:03:44.591546,0.8706818181818184
AMP_273,273,GIFSKLAGKKIKNLISGLKNIGKEVGMDVVRTGIDIAGCKIKGEC,45,1,success,../data/training_dataset/structures/AMP/AMP_273.pdb,0.42,2026-01-15T18:03:45.016435,0.6364444444444446
AMP_274,274,HSSGYTRPLRKPSRPIFIRPIGCDVCYGIPSSTARLCCFRYGDCCHL,47,1,success,../data/training_dataset/structures/AMP/AMP_274.pdb,0.4,2026-01-15T18:03:45.420640,0.5687234042553192
AMP_275,275,SDEKASPDKHHRFSLSRYAKLANRLANPKLLETFLSKWIGDRGNRSV,47,1,success,../data/training_dataset/structures/AMP/AMP_275.pdb,0.46,2026-01-15T18:03:45.884418,0.7091489361702127
AMP_276,276,SSLLEKGLDGAKKAVGGLGKLGKDAVEDLESVGKGAVHDVKDVLDSV,47,1,success,../data/training_dataset/structures/AMP/AMP_276.pdb,0.39,2026-01-15T18:03:46.281379,0.9414893617021278
AMP_277,277,FRGLAKLLKIGLKSFARVLKKVLPKAAKAGKALAKSMADENAIRQQNQ,48,1,success,../data/training_dataset/structures/AMP/AMP_277.pdb,0.4,2026-01-15T18:03:46.681695,0.8925000000000001
AMP_278,278,VNYGNGVSCSKTKCSVNWGQAFQERYTAGINSFVSGVASGAGSIGRRP,48,1,success,../data/training_dataset/structures/AMP/AMP_278.pdb,0.39,2026-01-15T18:03:47.078902,0.5079166666666667
AMP_279,279,GRRRRSVQWCAVSQPEATKCFQWQRNMRKVRGPPVSCIKRDSPIQCIQA,49,1,success,../data/training_dataset/structures/AMP/AMP_279.pdb,0.4,2026-01-15T18:03:47.482417,0.49897959183673474
AMP_280,280,YRQSMNNFQGLRSFGCRFGTCTVQKLAHQIYQFTDKDKDNVAPRSKISPQGY,52,1,success,../data/training_dataset/structures/AMP/AMP_280.pdb,0.4,2026-01-15T18:03:47.882362,0.5090384615384616
AMP_281,281,FSFKRLKGFAKKLWNSKLARKIRTKGLKYVKNFAKDMLSEGEEAPPAAEPPVEAPQ,56,1,success,../data/training_dataset/structures/AMP/AMP_281.pdb,0.4,2026-01-15T18:03:48.287382,0.5774999999999999
AMP_282,282,GLGSVFGRLARILGRVIPKVAKKLGPKVAKVLPKVMKEAIPMAVEMAKSQEEQQPQ,56,1,success,../data/training_dataset/structures/AMP/AMP_282.pdb,0.39,2026-01-15T18:03:48.685860,0.7773214285714286
AMP_283,283,IYWIADQFGIHLATGTARKLLDAMASGASLGTAFAAILGVTLPAWALAAAGALGATAA,58,1,success,../data/training_dataset/structures/AMP/AMP_283.pdb,0.4,2026-01-15T18:03:49.088038,0.8522413793103449
AMP_284,284,GKCSVLKKVACAAAIAGAVAACGGIDLPCVLAALKAAEGCASCFCEDHCHGVCKDLHLC,59,1,success,../data/training_dataset/structures/AMP/AMP_284.pdb,0.4,2026-01-15T18:03:49.491434,0.7179661016949153
AMP_285,285,GIWSSIKNLASKAWNSDIGQSLRNKAAGAINKFVADKIGVTPSQAASMTLDEIVDAMYYD,60,1,success,../data/training_dataset/structures/AMP/AMP_285.pdb,0.41,2026-01-15T18:03:49.901118,0.7225
AMP_286,286,LVAYGIAQGTAEKVVSLINAGLTVGSIISILGGVTVGLSGVFTAVKAAIAKQGIKKAIQL,60,1,success,../data/training_dataset/structures/AMP/AMP_286.pdb,0.4,2026-01-15T18:03:50.302998,0.9055
DECOY_1,1,YSTSIFEKAG,10,-1,success,../data/training_dataset/structures/DECOY/DECOY_1.pdb,0.41,2026-01-15T18:03:50.713478,0.694
DECOY_2,2,HEGLNVALAR,10,-1,success,../data/training_dataset/structures/DECOY/DECOY_2.pdb,0.39,2026-01-15T18:03:51.109217,0.7310000000000001
DECOY_3,3,LEARGPHEIL,10,-1,success,../data/training_dataset/structures/DECOY/DECOY_3.pdb,0.46,2026-01-15T18:03:51.572478,0.674
DECOY_4,4,GLYALAGLYG,10,-1,success,../data/training_dataset/structures/DECOY/DECOY_4.pdb,0.39,2026-01-15T18:03:51.963217,0.7550000000000001
DECOY_5,5,TRPILEVALA,10,-1,success,../data/training_dataset/structures/DECOY/DECOY_5.pdb,0.4,2026-01-15T18:03:52.363227,0.787
DECOY_6,6,TDEEIKEAAK,10,-1,success,../data/training_dataset/structures/DECOY/DECOY_6.pdb,0.4,2026-01-15T18:03:52.764673,0.825
DECOY_7,7,MIKRYLQFVK,10,-1,success,../data/training_dataset/structures/DECOY/DECOY_7.pdb,0.39,2026-01-15T18:03:53.156067,0.6990000000000001
DECOY_8,8,GLYALASERL,10,-1,success,../data/training_dataset/structures/DECOY/DECOY_8.pdb,0.4,2026-01-15T18:03:53.557458,0.6950000000000001
DECOY_9,9,IPVQLSWHKA,10,-1,success,../data/training_dataset/structures/DECOY/DECOY_9.pdb,0.45,2026-01-15T18:03:54.006955,0.7469999999999999
DECOY_10,10,TVALVALGLY,10,-1,success,../data/training_dataset/structures/DECOY/DECOY_10.pdb,0.39,2026-01-15T18:03:54.405441,0.738
DECOY_11,11,GGIPYLWRLS,10,-1,success,../data/training_dataset/structures/DECOY/DECOY_11.pdb,0.44,2026-01-15T18:03:54.846423,0.665
DECOY_12,12,LVALASPASN,10,-1,success,../data/training_dataset/structures/DECOY/DECOY_12.pdb,0.39,2026-01-15T18:03:55.237422,0.799
DECOY_13,13,DTSKNIKEES,10,-1,success,../data/training_dataset/structures/DECOY/DECOY_13.pdb,0.39,2026-01-15T18:03:55.635043,0.686
DECOY_14,14,LYALAALAAL,10,-1,success,../data/training_dataset/structures/DECOY/DECOY_14.pdb,0.47,2026-01-15T18:03:56.108597,0.8240000000000001
DECOY_15,15,RGALAALALE,10,-1,success,../data/training_dataset/structures/DECOY/DECOY_15.pdb,0.39,2026-01-15T18:03:56.498837,0.766
DECOY_16,16,LGPKGHEFVFN,11,-1,success,../data/training_dataset/structures/DECOY/DECOY_16.pdb,0.39,2026-01-15T18:03:56.893205,0.7236363636363637
DECOY_17,17,RPHEPHEALAS,11,-1,success,../data/training_dataset/structures/DECOY/DECOY_17.pdb,0.47,2026-01-15T18:03:57.363484,0.64
DECOY_18,18,STTIEFVTQRN,11,-1,success,../data/training_dataset/structures/DECOY/DECOY_18.pdb,0.39,2026-01-15T18:03:57.753072,0.8509090909090908
DECOY_19,19,IIAPVMILLVG,11,-1,success,../data/training_dataset/structures/DECOY/DECOY_19.pdb,0.39,2026-01-15T18:03:58.145417,0.8127272727272729
DECOY_20,20,VALPHEVALLE,11,-1,success,../data/training_dataset/structures/DECOY/DECOY_20.pdb,0.38,2026-01-15T18:03:58.534551,0.6636363636363636
DECOY_21,21,ALVALILEGLY,11,-1,success,../data/training_dataset/structures/DECOY/DECOY_21.pdb,0.39,2026-01-15T18:03:58.927201,0.8018181818181817
DECOY_22,22,QALHLEEQEGF,11,-1,success,../data/training_dataset/structures/DECOY/DECOY_22.pdb,0.39,2026-01-15T18:03:59.320915,0.6509090909090909
DECOY_23,23,KHTAWRAAVYD,11,-1,success,../data/training_dataset/structures/DECOY/DECOY_23.pdb,0.39,2026-01-15T18:03:59.710833,0.6327272727272727
DECOY_24,24,HLEIVEVLLKN,11,-1,success,../data/training_dataset/structures/DECOY/DECOY_24.pdb,0.39,2026-01-15T18:04:00.102556,0.8136363636363637
DECOY_25,25,NLAVSIGLSSI,11,-1,success,../data/training_dataset/structures/DECOY/DECOY_25.pdb,0.39,2026-01-15T18:04:00.498217,0.7000000000000001
DECOY_26,26,TGATVLVTANA,11,-1,success,../data/training_dataset/structures/DECOY/DECOY_26.pdb,0.39,2026-01-15T18:04:00.890437,0.8745454545454545
DECOY_27,27,EKAARYGMTVA,11,-1,success,../data/training_dataset/structures/DECOY/DECOY_27.pdb,0.47,2026-01-15T18:04:01.366349,0.6427272727272727
DECOY_28,28,DHILYTVYSTV,11,-1,success,../data/training_dataset/structures/DECOY/DECOY_28.pdb,0.47,2026-01-15T18:04:01.845456,0.8354545454545454
DECOY_29,29,SFKEKLYFALE,11,-1,success,../data/training_dataset/structures/DECOY/DECOY_29.pdb,0.38,2026-01-15T18:04:02.232915,0.8527272727272728
DECOY_30,30,ILIGTLTNSLV,11,-1,success,../data/training_dataset/structures/DECOY/DECOY_30.pdb,0.39,2026-01-15T18:04:02.624077,0.7654545454545455
DECOY_31,31,ALGFLPGYYFT,11,-1,success,../data/training_dataset/structures/DECOY/DECOY_31.pdb,0.4,2026-01-15T18:04:03.030527,0.629090909090909
DECOY_32,32,NDILVKYRHMS,11,-1,success,../data/training_dataset/structures/DECOY/DECOY_32.pdb,0.38,2026-01-15T18:04:03.418901,0.6781818181818182
DECOY_33,33,IIASPVILYQF,11,-1,success,../data/training_dataset/structures/DECOY/DECOY_33.pdb,0.38,2026-01-15T18:04:03.806961,0.7981818181818181
DECOY_34,34,GLYALASERLE,11,-1,success,../data/training_dataset/structures/DECOY/DECOY_34.pdb,0.46,2026-01-15T18:04:04.273599,0.6518181818181819
DECOY_35,35,GLYTYRPHEVA,11,-1,success,../data/training_dataset/structures/DECOY/DECOY_35.pdb,0.39,2026-01-15T18:04:04.666282,0.68
DECOY_36,36,RDDEVRILMAN,11,-1,success,../data/training_dataset/structures/DECOY/DECOY_36.pdb,0.39,2026-01-15T18:04:05.062567,0.6400000000000001
DECOY_37,37,LYSGLYALASE,11,-1,success,../data/training_dataset/structures/DECOY/DECOY_37.pdb,0.48,2026-01-15T18:04:05.549916,0.6836363636363636
DECOY_38,38,GPGSMALIERIG,12,-1,success,../data/training_dataset/structures/DECOY/DECOY_38.pdb,0.4,2026-01-15T18:04:05.953687,0.7966666666666667
DECOY_39,39,RGTRPGLYLYSP,12,-1,success,../data/training_dataset/structures/DECOY/DECOY_39.pdb,0.38,2026-01-15T18:04:06.340969,0.6416666666666667
DECOY_40,40,YTHRVALVALSE,12,-1,success,../data/training_dataset/structures/DECOY/DECOY_40.pdb,0.39,2026-01-15T18:04:06.730378,0.7858333333333335
DECOY_41,41,LYSARGALAALA,12,-1,success,../data/training_dataset/structures/DECOY/DECOY_41.pdb,0.4,2026-01-15T18:04:07.138955,0.815
DECOY_42,42,TYRTYRILELYS,12,-1,success,../data/training_dataset/structures/DECOY/DECOY_42.pdb,0.38,2026-01-15T18:04:07.526135,0.7916666666666665
DECOY_43,43,GLYARGALATYR,12,-1,success,../data/training_dataset/structures/DECOY/DECOY_43.pdb,0.38,2026-01-15T18:04:07.913464,0.625
DECOY_44,44,GVANAVAIAKAG,12,-1,success,../data/training_dataset/structures/DECOY/DECOY_44.pdb,0.39,2026-01-15T18:04:08.303638,0.9008333333333334
DECOY_45,45,ARGASPTRPLYS,12,-1,success,../data/training_dataset/structures/DECOY/DECOY_45.pdb,0.38,2026-01-15T18:04:08.690975,0.6233333333333333
DECOY_46,46,EVMGSIQLCRDA,12,-1,success,../data/training_dataset/structures/DECOY/DECOY_46.pdb,0.38,2026-01-15T18:04:09.079064,0.7033333333333335
DECOY_47,47,THRSERLYSTYR,12,-1,success,../data/training_dataset/structures/DECOY/DECOY_47.pdb,0.38,2026-01-15T18:04:09.467677,0.6033333333333333
DECOY_48,48,HRILEILEILEA,12,-1,success,../data/training_dataset/structures/DECOY/DECOY_48.pdb,0.39,2026-01-15T18:04:09.857036,0.875
DECOY_49,49,FEFLEKASKLRG,12,-1,success,../data/training_dataset/structures/DECOY/DECOY_49.pdb,0.38,2026-01-15T18:04:10.245578,0.7833333333333335
DECOY_50,50,AFEMPIVLYVLQ,12,-1,success,../data/training_dataset/structures/DECOY/DECOY_50.pdb,0.39,2026-01-15T18:04:10.636376,0.8291666666666666
DECOY_51,51,LATYRALASERI,12,-1,success,../data/training_dataset/structures/DECOY/DECOY_51.pdb,0.42,2026-01-15T18:04:11.056978,0.7624999999999998
DECOY_52,52,ERARGASPPHEG,12,-1,success,../data/training_dataset/structures/DECOY/DECOY_52.pdb,0.39,2026-01-15T18:04:11.448656,0.7441666666666666
DECOY_53,53,YFPLDVFKFAIR,12,-1,success,../data/training_dataset/structures/DECOY/DECOY_53.pdb,0.38,2026-01-15T18:04:11.835373,0.7141666666666665
DECOY_54,54,LEDDWNFLESFY,12,-1,success,../data/training_dataset/structures/DECOY/DECOY_54.pdb,0.39,2026-01-15T18:04:12.226293,0.6825000000000001
DECOY_55,55,GTRPGLYLYSPH,12,-1,success,../data/training_dataset/structures/DECOY/DECOY_55.pdb,0.39,2026-01-15T18:04:12.624512,0.63
DECOY_56,56,VLPFSAIFEILG,12,-1,success,../data/training_dataset/structures/DECOY/DECOY_56.pdb,0.4,2026-01-15T18:04:13.026252,0.8041666666666667
DECOY_57,57,HSVYMSGLWLFS,12,-1,success,../data/training_dataset/structures/DECOY/DECOY_57.pdb,0.38,2026-01-15T18:04:13.416022,0.6825
DECOY_58,58,YGENIGVMAITR,12,-1,success,../data/training_dataset/structures/DECOY/DECOY_58.pdb,0.39,2026-01-15T18:04:13.814720,0.6841666666666667
DECOY_59,59,SRLGFILAAMGS,12,-1,success,../data/training_dataset/structures/DECOY/DECOY_59.pdb,0.4,2026-01-15T18:04:14.213903,0.7925
DECOY_60,60,SNLYSGLNPHEA,12,-1,success,../data/training_dataset/structures/DECOY/DECOY_60.pdb,0.39,2026-01-15T18:04:14.607191,0.6416666666666667
DECOY_61,61,TFRSSIRRLSTR,12,-1,success,../data/training_dataset/structures/DECOY/DECOY_61.pdb,0.38,2026-01-15T18:04:14.995164,0.7408333333333333
DECOY_62,62,YVGRAIRLCHMA,12,-1,success,../data/training_dataset/structures/DECOY/DECOY_62.pdb,0.39,2026-01-15T18:04:15.386804,0.6141666666666667
DECOY_63,63,GFNSSLACIAIG,12,-1,success,../data/training_dataset/structures/DECOY/DECOY_63.pdb,0.38,2026-01-15T18:04:15.775513,0.7500000000000001
DECOY_64,64,GMAFGLQMFIQR,12,-1,success,../data/training_dataset/structures/DECOY/DECOY_64.pdb,0.39,2026-01-15T18:04:16.167707,0.8025000000000001
DECOY_65,65,LETYRGLYVALI,12,-1,success,../data/training_dataset/structures/DECOY/DECOY_65.pdb,0.4,2026-01-15T18:04:16.569205,0.6608333333333334
DECOY_66,66,GGLGFMTFAVLI,12,-1,success,../data/training_dataset/structures/DECOY/DECOY_66.pdb,0.4,2026-01-15T18:04:16.971144,0.6483333333333333
DECOY_67,67,PPHELYSASNAL,12,-1,success,../data/training_dataset/structures/DECOY/DECOY_67.pdb,0.4,2026-01-15T18:04:17.371365,0.6500000000000001
DECOY_68,68,LYGLYARGARGTR,13,-1,success,../data/training_dataset/structures/DECOY/DECOY_68.pdb,0.39,2026-01-15T18:04:17.761607,0.6153846153846154
DECOY_69,69,PALTAPFVLATWL,13,-1,success,../data/training_dataset/structures/DECOY/DECOY_69.pdb,0.47,2026-01-15T18:04:18.237548,0.723076923076923
DECOY_70,70,GLSRVDDAVAAKH,13,-1,success,../data/training_dataset/structures/DECOY/DECOY_70.pdb,0.47,2026-01-15T18:04:18.714010,0.6569230769230769
DECOY_71,71,LEVALVALTHRGL,13,-1,success,../data/training_dataset/structures/DECOY/DECOY_71.pdb,0.4,2026-01-15T18:04:19.119709,0.6246153846153846
DECOY_72,72,LISSVLKVEGVGA,13,-1,success,../data/training_dataset/structures/DECOY/DECOY_72.pdb,0.39,2026-01-15T18:04:19.517268,0.7638461538461538
DECOY_73,73,ALAILEALAALAA,13,-1,success,../data/training_dataset/structures/DECOY/DECOY_73.pdb,0.47,2026-01-15T18:04:19.992310,0.9276923076923076
DECOY_74,74,NFLMGGVSAAIAK,13,-1,success,../data/training_dataset/structures/DECOY/DECOY_74.pdb,0.39,2026-01-15T18:04:20.384432,0.6476923076923076
DECOY_75,75,RTYRPHEPHEASN,13,-1,success,../data/training_dataset/structures/DECOY/DECOY_75.pdb,0.47,2026-01-15T18:04:20.855146,0.6892307692307692
DECOY_76,76,GLNIFDSVDFIAS,13,-1,success,../data/training_dataset/structures/DECOY/DECOY_76.pdb,0.39,2026-01-15T18:04:21.252289,0.6784615384615383
DECOY_77,77,CYSARGMETALAI,13,-1,success,../data/training_dataset/structures/DECOY/DECOY_77.pdb,0.47,2026-01-15T18:04:21.727099,0.7700000000000001
DECOY_78,78,YVALSERALAILE,13,-1,success,../data/training_dataset/structures/DECOY/DECOY_78.pdb,0.39,2026-01-15T18:04:22.119638,0.8146153846153846
DECOY_79,79,LFTAGMLSGVFTT,13,-1,success,../data/training_dataset/structures/DECOY/DECOY_79.pdb,0.39,2026-01-15T18:04:22.512957,0.6815384615384615
DECOY_80,80,PDIPLLLLLGLIIG,14,-1,success,../data/training_dataset/structures/DECOY/DECOY_80.pdb,0.39,2026-01-15T18:04:22.909377,0.8242857142857141
DECOY_81,81,NLIPVTIGNIIGGG,14,-1,success,../data/training_dataset/structures/DECOY/DECOY_81.pdb,0.39,2026-01-15T18:04:23.308497,0.6578571428571429
DECOY_82,82,LPVFLVLTPFGMMT,14,-1,success,../data/training_dataset/structures/DECOY/DECOY_82.pdb,0.39,2026-01-15T18:04:23.701126,0.7435714285714287
DECOY_83,83,FPRFFASLAGFVTA,14,-1,success,../data/training_dataset/structures/DECOY/DECOY_83.pdb,0.4,2026-01-15T18:04:24.103197,0.7400000000000001
DECOY_84,84,SPGLYTHRMETTHR,14,-1,success,../data/training_dataset/structures/DECOY/DECOY_84.pdb,0.38,2026-01-15T18:04:24.492457,0.6492857142857142
DECOY_85,85,GTLAAFVGYLELLF,14,-1,success,../data/training_dataset/structures/DECOY/DECOY_85.pdb,0.39,2026-01-15T18:04:24.883306,0.8750000000000001
DECOY_86,86,DTYASMMATIDRMG,14,-1,success,../data/training_dataset/structures/DECOY/DECOY_86.pdb,0.47,2026-01-15T18:04:25.357285,0.832857142857143
DECOY_87,87,LPWATYSFLSVAFA,14,-1,success,../data/training_dataset/structures/DECOY/DECOY_87.pdb,0.48,2026-01-15T18:04:25.842323,0.7921428571428573
DECOY_88,88,NYPDALWWAIVTAT,14,-1,success,../data/training_dataset/structures/DECOY/DECOY_88.pdb,0.47,2026-01-15T18:04:26.317604,0.7978571428571427
DECOY_89,89,LAPHEVALPHETYR,14,-1,success,../data/training_dataset/structures/DECOY/DECOY_89.pdb,0.47,2026-01-15T18:04:26.789893,0.6714285714285714
DECOY_90,90,YGDVVPATPIGKVI,14,-1,success,../data/training_dataset/structures/DECOY/DECOY_90.pdb,0.46,2026-01-15T18:04:27.249915,0.755
DECOY_91,91,SNASNALAASNALA,14,-1,success,../data/training_dataset/structures/DECOY/DECOY_91.pdb,0.47,2026-01-15T18:04:27.724058,0.9142857142857143
DECOY_92,92,SRDLRREVLRPLQC,14,-1,success,../data/training_dataset/structures/DECOY/DECOY_92.pdb,0.38,2026-01-15T18:04:28.112497,0.6992857142857142
DECOY_93,93,NATFGNAVELIVSI,14,-1,success,../data/training_dataset/structures/DECOY/DECOY_93.pdb,0.39,2026-01-15T18:04:28.502010,0.7721428571428571
DECOY_94,94,SGVFLLPANLASTG,14,-1,success,../data/training_dataset/structures/DECOY/DECOY_94.pdb,0.39,2026-01-15T18:04:28.895480,0.7471428571428571
DECOY_95,95,RARGSERALAASPG,14,-1,success,../data/training_dataset/structures/DECOY/DECOY_95.pdb,0.4,2026-01-15T18:04:29.296576,0.6699999999999999
DECOY_96,96,EGLYASPILETHRP,14,-1,success,../data/training_dataset/structures/DECOY/DECOY_96.pdb,0.41,2026-01-15T18:04:29.706829,0.6885714285714285
DECOY_97,97,EDYWSRQRLQERIN,14,-1,success,../data/training_dataset/structures/DECOY/DECOY_97.pdb,0.38,2026-01-15T18:04:30.095049,0.7628571428571428
DECOY_98,98,LNSLINPIIYTMSN,14,-1,success,../data/training_dataset/structures/DECOY/DECOY_98.pdb,0.46,2026-01-15T18:04:30.555582,0.6764285714285715
DECOY_99,99,RGEVGLIVAALGLKA,15,-1,success,../data/training_dataset/structures/DECOY/DECOY_99.pdb,0.39,2026-01-15T18:04:30.947397,0.7893333333333332
DECOY_100,100,APHEASPGLNGLYAL,15,-1,success,../data/training_dataset/structures/DECOY/DECOY_100.pdb,0.39,2026-01-15T18:04:31.336967,0.6453333333333333
DECOY_101,101,GFEHSVANMTIYSVS,15,-1,success,../data/training_dataset/structures/DECOY/DECOY_101.pdb,0.38,2026-01-15T18:04:31.725892,0.666
DECOY_102,102,VFFGVAAFAHLLVWI,15,-1,success,../data/training_dataset/structures/DECOY/DECOY_102.pdb,0.38,2026-01-15T18:04:32.114302,0.8373333333333333
DECOY_103,103,QPILIAVVLQLSQQL,15,-1,success,../data/training_dataset/structures/DECOY/DECOY_103.pdb,0.47,2026-01-15T18:04:32.587896,0.9013333333333335
DECOY_104,104,MPEDKSRIVSELKDK,15,-1,success,../data/training_dataset/structures/DECOY/DECOY_104.pdb,0.39,2026-01-15T18:04:32.983504,0.788
DECOY_105,105,GELKKSIESLADRVG,15,-1,success,../data/training_dataset/structures/DECOY/DECOY_105.pdb,0.38,2026-01-15T18:04:33.372293,0.9060000000000001
DECOY_106,106,GLNVAIPAMMFAHLT,15,-1,success,../data/training_dataset/structures/DECOY/DECOY_106.pdb,0.45,2026-01-15T18:04:33.829092,0.7133333333333334
DECOY_107,107,KDDDDKHHHHHHHHH,15,-1,success,../data/training_dataset/structures/DECOY/DECOY_107.pdb,0.38,2026-01-15T18:04:34.218355,0.5513333333333335
DECOY_108,108,INDAHQVTLCLLSTN,15,-1,success,../data/training_dataset/structures/DECOY/DECOY_108.pdb,0.38,2026-01-15T18:04:34.607228,0.7086666666666666
DECOY_109,109,TMSVVFGINAVVLAL,15,-1,success,../data/training_dataset/structures/DECOY/DECOY_109.pdb,0.39,2026-01-15T18:04:34.996532,0.8500000000000001
DECOY_110,110,TGLYASNPHEALALE,15,-1,success,../data/training_dataset/structures/DECOY/DECOY_110.pdb,0.41,2026-01-15T18:04:35.410253,0.5966666666666665
DECOY_111,111,SPARGVALGLYGLYG,15,-1,success,../data/training_dataset/structures/DECOY/DECOY_111.pdb,0.38,2026-01-15T18:04:35.797317,0.8913333333333333
DECOY_112,112,EEASEIALVLRSGSL,15,-1,success,../data/training_dataset/structures/DECOY/DECOY_112.pdb,0.38,2026-01-15T18:04:36.186960,0.6586666666666666
DECOY_113,113,GLYGLYGLYALAPHE,15,-1,success,../data/training_dataset/structures/DECOY/DECOY_113.pdb,0.48,2026-01-15T18:04:36.666474,0.7099999999999999
DECOY_114,114,GGAFMIPYIIAFLLV,15,-1,success,../data/training_dataset/structures/DECOY/DECOY_114.pdb,0.44,2026-01-15T18:04:37.108156,0.7966666666666666
DECOY_115,115,HRTRPVALTHRPHEG,15,-1,success,../data/training_dataset/structures/DECOY/DECOY_115.pdb,0.47,2026-01-15T18:04:37.581551,0.7406666666666669
DECOY_116,116,CYIIVVFLANNIWSYA,16,-1,success,../data/training_dataset/structures/DECOY/DECOY_116.pdb,0.47,2026-01-15T18:04:38.054315,0.72125
DECOY_117,117,FLFVLAPLISVVFALL,16,-1,success,../data/training_dataset/structures/DECOY/DECOY_117.pdb,0.47,2026-01-15T18:04:38.526929,0.866875
DECOY_118,118,FLFPFLIILTSYTLIW,16,-1,success,../data/training_dataset/structures/DECOY/DECOY_118.pdb,0.46,2026-01-15T18:04:38.994187,0.826875
DECOY_119,119,NYRQYLTFKTHKDLMR,16,-1,success,../data/training_dataset/structures/DECOY/DECOY_119.pdb,0.47,2026-01-15T18:04:39.466233,0.6712499999999999
DECOY_120,120,PGAIVVGFVQPHKNLE,16,-1,success,../data/training_dataset/structures/DECOY/DECOY_120.pdb,0.4,2026-01-15T18:04:39.867246,0.791875
DECOY_121,121,SDERRLELERLFASEL,16,-1,success,../data/training_dataset/structures/DECOY/DECOY_121.pdb,0.39,2026-01-15T18:04:40.257032,0.783125
DECOY_122,122,GLQKGVKIASDVRTYL,16,-1,success,../data/training_dataset/structures/DECOY/DECOY_122.pdb,0.41,2026-01-15T18:04:40.672341,0.6018749999999999
DECOY_123,123,SPHESERTYRTYRGLN,16,-1,success,../data/training_dataset/structures/DECOY/DECOY_123.pdb,0.47,2026-01-15T18:04:41.144304,0.845
DECOY_124,124,GSEMMKLVGWAQSVVT,16,-1,success,../data/training_dataset/structures/DECOY/DECOY_124.pdb,0.45,2026-01-15T18:04:41.596829,0.889375
DECOY_125,125,STWVIGGAAIFAILLS,16,-1,success,../data/training_dataset/structures/DECOY/DECOY_125.pdb,0.39,2026-01-15T18:04:41.992916,0.87125
DECOY_126,126,STYRTHRASPGLNARG,16,-1,success,../data/training_dataset/structures/DECOY/DECOY_126.pdb,0.41,2026-01-15T18:04:42.407722,0.595
DECOY_127,127,RTGVYILVGVVLWTAV,16,-1,success,../data/training_dataset/structures/DECOY/DECOY_127.pdb,0.47,2026-01-15T18:04:42.882296,0.890625
DECOY_128,128,GVVPAALAVTVGIEILK,17,-1,success,../data/training_dataset/structures/DECOY/DECOY_128.pdb,0.45,2026-01-15T18:04:43.341249,0.6776470588235294
DECOY_129,129,KKAYEVAGLLGDIGGQM,17,-1,success,../data/training_dataset/structures/DECOY/DECOY_129.pdb,0.39,2026-01-15T18:04:43.739849,0.8723529411764707
DECOY_130,130,LRPQQKRTKEHKKLMDS,17,-1,success,../data/training_dataset/structures/DECOY/DECOY_130.pdb,0.47,2026-01-15T18:04:44.219494,0.6270588235294118
DECOY_131,131,YRTYRPHEMETLYSASP,17,-1,success,../data/training_dataset/structures/DECOY/DECOY_131.pdb,0.39,2026-01-15T18:04:44.615482,0.6729411764705883
DECOY_132,132,ELLYTTPLVEAFEGTNF,17,-1,success,../data/training_dataset/structures/DECOY/DECOY_132.pdb,0.43,2026-01-15T18:04:45.050928,0.7611764705882353
DECOY_133,133,KRKEIVESFRTVKRLIS,17,-1,success,../data/training_dataset/structures/DECOY/DECOY_133.pdb,0.47,2026-01-15T18:04:45.529162,0.8958823529411765
DECOY_134,134,SPEQLSAYKHSLVLSVQ,17,-1,success,../data/training_dataset/structures/DECOY/DECOY_134.pdb,0.48,2026-01-15T18:04:46.010910,0.9088235294117648
DECOY_135,135,NPSRDLGSRFLSLIAYG,17,-1,success,../data/training_dataset/structures/DECOY/DECOY_135.pdb,0.41,2026-01-15T18:04:46.421429,0.8747058823529411
DECOY_136,136,GAATNVIFGLALGYKSV,17,-1,success,../data/training_dataset/structures/DECOY/DECOY_136.pdb,0.4,2026-01-15T18:04:46.827493,0.8441176470588235
DECOY_137,137,PVAGLIIVGILMTIFQLS,18,-1,success,../data/training_dataset/structures/DECOY/DECOY_137.pdb,0.39,2026-01-15T18:04:47.225729,0.8105555555555556
DECOY_138,138,TAIAAFYMPVTIMTILYW,18,-1,success,../data/training_dataset/structures/DECOY/DECOY_138.pdb,0.4,2026-01-15T18:04:47.630568,0.8644444444444445
DECOY_139,139,GILEGLYALAARGASPLY,18,-1,success,../data/training_dataset/structures/DECOY/DECOY_139.pdb,0.4,2026-01-15T18:04:48.034383,0.7566666666666667
DECOY_140,140,PHETHRGLYASNTRPGLY,18,-1,success,../data/training_dataset/structures/DECOY/DECOY_140.pdb,0.43,2026-01-15T18:04:48.467024,0.6027777777777777
DECOY_141,141,RMAVMLGALLMAIGHVVL,18,-1,success,../data/training_dataset/structures/DECOY/DECOY_141.pdb,0.4,2026-01-15T18:04:48.870437,0.8672222222222223
DECOY_142,142,PMMGIMQAMQPIVGYNYG,18,-1,success,../data/training_dataset/structures/DECOY/DECOY_142.pdb,0.4,2026-01-15T18:04:49.274349,0.7055555555555556
DECOY_143,143,ISLPWKVLLVMLLALITL,18,-1,success,../data/training_dataset/structures/DECOY/DECOY_143.pdb,0.4,2026-01-15T18:04:49.678941,0.7894444444444444
DECOY_144,144,VALLVVFTWSIAMVVWGR,18,-1,success,../data/training_dataset/structures/DECOY/DECOY_144.pdb,0.39,2026-01-15T18:04:50.074634,0.8055555555555556
DECOY_145,145,TAKFLAIWWCLLAFIASG,18,-1,success,../data/training_dataset/structures/DECOY/DECOY_145.pdb,0.39,2026-01-15T18:04:50.472032,0.8961111111111111
DECOY_146,146,IGLILTALIAGFIFKVVFN,19,-1,success,../data/training_dataset/structures/DECOY/DECOY_146.pdb,0.4,2026-01-15T18:04:50.878233,0.893157894736842
DECOY_147,147,YSERHISHISHISHISHIS,19,-1,success,../data/training_dataset/structures/DECOY/DECOY_147.pdb,0.48,2026-01-15T18:04:51.358328,0.8052631578947369
DECOY_148,148,DLYHQQHTLRLLRQLTRQE,19,-1,success,../data/training_dataset/structures/DECOY/DECOY_148.pdb,0.48,2026-01-15T18:04:51.843245,0.8368421052631578
DECOY_149,149,THRILELYSTHRILEILEG,19,-1,success,../data/training_dataset/structures/DECOY/DECOY_149.pdb,0.39,2026-01-15T18:04:52.236057,0.6826315789473685
DECOY_150,150,FLFPLALLWFLVTALVVAL,19,-1,success,../data/training_dataset/structures/DECOY/DECOY_150.pdb,0.41,2026-01-15T18:04:52.646688,0.8968421052631579
DECOY_151,151,HHYVAALFFLIPLVALGFA,19,-1,success,../data/training_dataset/structures/DECOY/DECOY_151.pdb,0.4,2026-01-15T18:04:53.046558,0.8547368421052632
DECOY_152,152,SERPHELYSILETHRARGG,19,-1,success,../data/training_dataset/structures/DECOY/DECOY_152.pdb,0.39,2026-01-15T18:04:53.442835,0.6294736842105263
DECOY_153,153,SDEPVFWGLFGAGGMWSAI,19,-1,success,../data/training_dataset/structures/DECOY/DECOY_153.pdb,0.4,2026-01-15T18:04:53.846334,0.5489473684210527
DECOY_154,154,RILEHISILEPHEARGGLY,19,-1,success,../data/training_dataset/structures/DECOY/DECOY_154.pdb,0.43,2026-01-15T18:04:54.283354,0.7131578947368421
DECOY_155,155,QLLGIMVVASVCWLPLLVF,19,-1,success,../data/training_dataset/structures/DECOY/DECOY_155.pdb,0.47,2026-01-15T18:04:54.762020,0.6552631578947369
DECOY_156,156,AAKFALGFAVVAIGFFIYGF,20,-1,success,../data/training_dataset/structures/DECOY/DECOY_156.pdb,0.45,2026-01-15T18:04:55.219580,0.8605
DECOY_157,157,SERASNVALTYRTHRILELY,20,-1,success,../data/training_dataset/structures/DECOY/DECOY_157.pdb,0.48,2026-01-15T18:04:55.701337,0.8835000000000001
DECOY_158,158,ASPALAGLYSERARGTYRGL,20,-1,success,../data/training_dataset/structures/DECOY/DECOY_158.pdb,0.44,2026-01-15T18:04:56.141238,0.6245
DECOY_159,159,LVGAMLPFLLRRLGVDPALV,20,-1,success,../data/training_dataset/structures/DECOY/DECOY_159.pdb,0.4,2026-01-15T18:04:56.543235,0.8375
DECOY_160,160,TTDAALMYDAVHVVSVAVQQ,20,-1,success,../data/training_dataset/structures/DECOY/DECOY_160.pdb,0.4,2026-01-15T18:04:56.949176,0.9245000000000001
DECOY_161,161,PTQPLSILFITGVVFSLITD,20,-1,success,../data/training_dataset/structures/DECOY/DECOY_161.pdb,0.4,2026-01-15T18:04:57.351532,0.7115
DECOY_162,162,RTNSDTAKIIMIFLCLFAFI,20,-1,success,../data/training_dataset/structures/DECOY/DECOY_162.pdb,0.43,2026-01-15T18:04:57.789935,0.8009999999999999
DECOY_163,163,LATHRVALHISTHRVALGLY,20,-1,success,../data/training_dataset/structures/DECOY/DECOY_163.pdb,0.47,2026-01-15T18:04:58.267895,0.5895
DECOY_164,164,DPIKFIRKAKDAMITAFVTR,20,-1,success,../data/training_dataset/structures/DECOY/DECOY_164.pdb,0.43,2026-01-15T18:04:58.705593,0.9115
DECOY_165,165,HRVALASPHISLYSLYSILE,20,-1,success,../data/training_dataset/structures/DECOY/DECOY_165.pdb,0.44,2026-01-15T18:04:59.153631,0.78
DECOY_166,166,QRPLATVVVGGLITATALTL,20,-1,success,../data/training_dataset/structures/DECOY/DECOY_166.pdb,0.48,2026-01-15T18:04:59.633679,0.7000000000000001
DECOY_167,167,TLYSILEVALASNASNALAPH,21,-1,success,../data/training_dataset/structures/DECOY/DECOY_167.pdb,0.4,2026-01-15T18:05:00.039367,0.7128571428571429
DECOY_168,168,LTLIFLILASVTWLLSSFVAW,21,-1,success,../data/training_dataset/structures/DECOY/DECOY_168.pdb,0.39,2026-01-15T18:05:00.438208,0.8395238095238095
DECOY_169,169,KKSPSILFIVFSVMSILTFFF,21,-1,success,../data/training_dataset/structures/DECOY/DECOY_169.pdb,0.39,2026-01-15T18:05:00.830201,0.7695238095238097
DECOY_170,170,TPKIAIDVLAVLVPLAAFLLD,21,-1,success,../data/training_dataset/structures/DECOY/DECOY_170.pdb,0.39,2026-01-15T18:05:01.226281,0.9319047619047621
DECOY_171,171,LYTYRPHEALATRPLYSALAG,21,-1,success,../data/training_dataset/structures/DECOY/DECOY_171.pdb,0.39,2026-01-15T18:05:01.622740,0.6566666666666667
DECOY_172,172,HHIWEAFWQVSALGTFLLAYN,21,-1,success,../data/training_dataset/structures/DECOY/DECOY_172.pdb,0.39,2026-01-15T18:05:02.018126,0.8871428571428572
DECOY_173,173,FKALGTTYQPLSGKTSYFHLL,21,-1,success,../data/training_dataset/structures/DECOY/DECOY_173.pdb,0.39,2026-01-15T18:05:02.411758,0.6323809523809523
DECOY_174,174,QTMSLWFLSNAAAQAINAQLV,21,-1,success,../data/training_dataset/structures/DECOY/DECOY_174.pdb,0.39,2026-01-15T18:05:02.808406,0.9023809523809525
DECOY_175,175,GPWNYAIAFAFMITGLLLTMR,21,-1,success,../data/training_dataset/structures/DECOY/DECOY_175.pdb,0.39,2026-01-15T18:05:03.207692,0.8966666666666666
DECOY_176,176,RRNSMLMMNLLAFVSAVLMGF,21,-1,success,../data/training_dataset/structures/DECOY/DECOY_176.pdb,0.4,2026-01-15T18:05:03.609576,0.8790476190476187
DECOY_177,177,TPHETHRASPTHRILEASNLY,21,-1,success,../data/training_dataset/structures/DECOY/DECOY_177.pdb,0.39,2026-01-15T18:05:04.005490,0.6623809523809524
DECOY_178,178,LVYTVFSATDPKRSARDSHVP,21,-1,success,../data/training_dataset/structures/DECOY/DECOY_178.pdb,0.39,2026-01-15T18:05:04.403710,0.6528571428571428
DECOY_179,179,TVPMLLVVGFQSFYLIDYFIH,21,-1,success,../data/training_dataset/structures/DECOY/DECOY_179.pdb,0.39,2026-01-15T18:05:04.800827,0.8557142857142856
DECOY_180,180,NEIKIFMVNLTMADMLFLITL,21,-1,success,../data/training_dataset/structures/DECOY/DECOY_180.pdb,0.39,2026-01-15T18:05:05.198158,0.9323809523809523
DECOY_181,181,TSPIWWGAWGLGLGFLTGGLLY,22,-1,success,../data/training_dataset/structures/DECOY/DECOY_181.pdb,0.4,2026-01-15T18:05:05.601285,0.7977272727272726
DECOY_182,182,TLAGIGHNLLWVTLGNTLSGVV,22,-1,success,../data/training_dataset/structures/DECOY/DECOY_182.pdb,0.44,2026-01-15T18:05:06.047605,0.7927272727272728
DECOY_183,183,APDVSTQVLMAIPLLLLYEISI,22,-1,success,../data/training_dataset/structures/DECOY/DECOY_183.pdb,0.39,2026-01-15T18:05:06.446744,0.8895454545454545
DECOY_184,184,PHETRPILEARGGLYGLNVALS,22,-1,success,../data/training_dataset/structures/DECOY/DECOY_184.pdb,0.41,2026-01-15T18:05:06.858492,0.5531818181818182
DECOY_185,185,GEILEFLAELGAVFLLFMVGLE,22,-1,success,../data/training_dataset/structures/DECOY/DECOY_185.pdb,0.4,2026-01-15T18:05:07.258863,0.9281818181818182
DECOY_186,186,LNARGALAGLYPHEASPVALAR,22,-1,success,../data/training_dataset/structures/DECOY/DECOY_186.pdb,0.42,2026-01-15T18:05:07.684907,0.6122727272727272
DECOY_187,187,FAPFVIGIALLIAHLICIYYTG,22,-1,success,../data/training_dataset/structures/DECOY/DECOY_187.pdb,0.4,2026-01-15T18:05:08.088815,0.9054545454545454
DECOY_188,188,AYYDGWIAREINRKVSLRISRL,22,-1,success,../data/training_dataset/structures/DECOY/DECOY_188.pdb,0.45,2026-01-15T18:05:08.541038,0.84
DECOY_189,189,QGVFLAGAMLAAVWLAVASTMK,22,-1,success,../data/training_dataset/structures/DECOY/DECOY_189.pdb,0.43,2026-01-15T18:05:08.972802,0.8786363636363638
DECOY_190,190,SIYVIGPIVGAVLAALTYQYLT,22,-1,success,../data/training_dataset/structures/DECOY/DECOY_190.pdb,0.45,2026-01-15T18:05:09.427979,0.9290909090909092
DECOY_191,191,APEPMTMALSVLVTIEMCNALN,22,-1,success,../data/training_dataset/structures/DECOY/DECOY_191.pdb,0.4,2026-01-15T18:05:09.829443,0.8772727272727273
DECOY_192,192,SMTTLIWIEVLVIGYIEFQRNA,22,-1,success,../data/training_dataset/structures/DECOY/DECOY_192.pdb,0.39,2026-01-15T18:05:10.227805,0.9259090909090909
DECOY_193,193,FTDTINKCAANAARIARLSANN,22,-1,success,../data/training_dataset/structures/DECOY/DECOY_193.pdb,0.39,2026-01-15T18:05:10.623826,0.9018181818181819
DECOY_194,194,MAAAVVLAFIICWLPFHVLTFL,22,-1,success,../data/training_dataset/structures/DECOY/DECOY_194.pdb,0.4,2026-01-15T18:05:11.023858,0.8918181818181818
DECOY_195,195,TWHAAGLYAAWFLGQAALQVWA,22,-1,success,../data/training_dataset/structures/DECOY/DECOY_195.pdb,0.39,2026-01-15T18:05:11.420875,0.8990909090909089
DECOY_196,196,NMFTLIAMGIGVAWIYSMVAVLW,23,-1,success,../data/training_dataset/structures/DECOY/DECOY_196.pdb,0.39,2026-01-15T18:05:11.817769,0.9343478260869568
DECOY_197,197,PNWGWLLVLLVATPALITILFWK,23,-1,success,../data/training_dataset/structures/DECOY/DECOY_197.pdb,0.39,2026-01-15T18:05:12.212330,0.8321739130434781
DECOY_198,198,DARQSEEVLLTAAQSLFAVAILL,23,-1,success,../data/training_dataset/structures/DECOY/DECOY_198.pdb,0.39,2026-01-15T18:05:12.609489,0.9239130434782609
DECOY_199,199,GLIPWLLWLSVFISFSHSMFCIN,23,-1,success,../data/training_dataset/structures/DECOY/DECOY_199.pdb,0.39,2026-01-15T18:05:13.006057,0.8404347826086955
DECOY_200,200,HTIISVALIYMVQVQMSKFSELG,23,-1,success,../data/training_dataset/structures/DECOY/DECOY_200.pdb,0.39,2026-01-15T18:05:13.402092,0.8417391304347825
DECOY_201,201,EQMEQDHLEHHNNIRNNGEGEEF,23,-1,success,../data/training_dataset/structures/DECOY/DECOY_201.pdb,0.4,2026-01-15T18:05:13.809946,0.7443478260869566
DECOY_202,202,SLAMFIFMAIGITLWFFYGVLIK,23,-1,success,../data/training_dataset/structures/DECOY/DECOY_202.pdb,0.39,2026-01-15T18:05:14.205544,0.9030434782608697
DECOY_203,203,MPITICIAYFNNCLNPLFYGFLG,23,-1,success,../data/training_dataset/structures/DECOY/DECOY_203.pdb,0.39,2026-01-15T18:05:14.600094,0.854782608695652
DECOY_204,204,VTFGVITSIIIWALAILASMPGL,23,-1,success,../data/training_dataset/structures/DECOY/DECOY_204.pdb,0.39,2026-01-15T18:05:14.995586,0.8269565217391303
DECOY_205,205,RPDIGSSLEKLTQQNYLVGVART,23,-1,success,../data/training_dataset/structures/DECOY/DECOY_205.pdb,0.39,2026-01-15T18:05:15.389476,0.6043478260869564
DECOY_206,206,STGLLGNRWFYLVLAVLLMCMIS,23,-1,success,../data/training_dataset/structures/DECOY/DECOY_206.pdb,0.39,2026-01-15T18:05:15.785887,0.7660869565217392
DECOY_207,207,KIPVYFFAQLLGAFVGTSTVYGLY,24,-1,success,../data/training_dataset/structures/DECOY/DECOY_207.pdb,0.4,2026-01-15T18:05:16.189578,0.90375
DECOY_208,208,PPAAMGAIVAVIGLELAGVAAGMA,24,-1,success,../data/training_dataset/structures/DECOY/DECOY_208.pdb,0.4,2026-01-15T18:05:16.591031,0.9133333333333334
DECOY_209,209,KVFGSFLTLNMFASIFFITCMSVD,24,-1,success,../data/training_dataset/structures/DECOY/DECOY_209.pdb,0.41,2026-01-15T18:05:17.004210,0.8541666666666666
DECOY_210,210,NNDLKLAFIHMEQAAAQLGIDFSS,24,-1,success,../data/training_dataset/structures/DECOY/DECOY_210.pdb,0.43,2026-01-15T18:05:17.434450,0.8345833333333332
DECOY_211,211,NPAQLIMISFGFGFGVMVGVFITY,24,-1,success,../data/training_dataset/structures/DECOY/DECOY_211.pdb,0.42,2026-01-15T18:05:17.856525,0.9154166666666667
DECOY_212,212,MLRTPQFWVLWTAFFSVNFGGLLL,24,-1,success,../data/training_dataset/structures/DECOY/DECOY_212.pdb,0.42,2026-01-15T18:05:18.277923,0.7375000000000002
DECOY_213,213,YVDLGVLYLPFAVFVIVGSANAVN,24,-1,success,../data/training_dataset/structures/DECOY/DECOY_213.pdb,0.41,2026-01-15T18:05:18.693125,0.85
DECOY_214,214,VVMFVTYEQLKRALMAAYQSREAP,24,-1,success,../data/training_dataset/structures/DECOY/DECOY_214.pdb,0.4,2026-01-15T18:05:19.100458,0.7708333333333334
DECOY_215,215,DELRLANDTLIYFTSDQGAHVEEV,24,-1,success,../data/training_dataset/structures/DECOY/DECOY_215.pdb,0.4,2026-01-15T18:05:19.505546,0.6525
DECOY_216,216,KQVFVFCVGLIVVAEIVLWNAQTQ,24,-1,success,../data/training_dataset/structures/DECOY/DECOY_216.pdb,0.4,2026-01-15T18:05:19.908860,0.9274999999999999
DECOY_217,217,YETVRNGGLIFAALAFIVGLIILL,24,-1,success,../data/training_dataset/structures/DECOY/DECOY_217.pdb,0.4,2026-01-15T18:05:20.316749,0.95125
DECOY_218,218,GNLIVLSVLYKGGLLMGSAHMTVGE,25,-1,success,../data/training_dataset/structures/DECOY/DECOY_218.pdb,0.4,2026-01-15T18:05:20.723497,0.6639999999999999
DECOY_219,219,GILRGEGDANRAMLAMVLGSGLNIV,25,-1,success,../data/training_dataset/structures/DECOY/DECOY_219.pdb,0.41,2026-01-15T18:05:21.133176,0.6679999999999999
DECOY_220,220,DFRFSTVITTLVSMVAGIGLAFFYG,25,-1,success,../data/training_dataset/structures/DECOY/DECOY_220.pdb,0.41,2026-01-15T18:05:21.544376,0.8808
DECOY_221,221,THRVALGLYTYRPHEPHEGLYGLYA,25,-1,success,../data/training_dataset/structures/DECOY/DECOY_221.pdb,0.44,2026-01-15T18:05:21.990638,0.6024
DECOY_222,222,NAGQKMMFWSIMSMIFVLLVTGVII,25,-1,success,../data/training_dataset/structures/DECOY/DECOY_222.pdb,0.48,2026-01-15T18:05:22.477707,0.8916000000000001
DECOY_223,223,VSYSKLLSVIVWMLMLLLAVPNIIL,25,-1,success,../data/training_dataset/structures/DECOY/DECOY_223.pdb,0.49,2026-01-15T18:05:22.967050,0.8620000000000002
DECOY_224,224,NFVQAFAVEMVITAILMGLILALTD,25,-1,success,../data/training_dataset/structures/DECOY/DECOY_224.pdb,0.48,2026-01-15T18:05:23.456392,0.9196000000000001
DECOY_225,225,LKSAYYINIAICTIAATAYYAMAVN,25,-1,success,../data/training_dataset/structures/DECOY/DECOY_225.pdb,0.48,2026-01-15T18:05:23.943874,0.9328
DECOY_226,226,RTRPLYSLYSPHEILETRPASNSER,25,-1,success,../data/training_dataset/structures/DECOY/DECOY_226.pdb,0.4,2026-01-15T18:05:24.352154,0.6708
DECOY_227,227,LGFALSGISIAYGFSKFIMGSVSDR,25,-1,success,../data/training_dataset/structures/DECOY/DECOY_227.pdb,0.47,2026-01-15T18:05:24.830734,0.7916
DECOY_228,228,QRIEYKLFSPMAFAVGFALFGALLVA,26,-1,success,../data/training_dataset/structures/DECOY/DECOY_228.pdb,0.41,2026-01-15T18:05:25.243638,0.8138461538461539
DECOY_229,229,PHHSLSVKSSLVILLGTTVIISFCAD,26,-1,success,../data/training_dataset/structures/DECOY/DECOY_229.pdb,0.41,2026-01-15T18:05:25.654299,0.8607692307692307
DECOY_230,230,LQRIGLGLFFGSMAMAVAALVELKRL,26,-1,success,../data/training_dataset/structures/DECOY/DECOY_230.pdb,0.41,2026-01-15T18:05:26.065803,0.9223076923076923
DECOY_231,231,GVGCGVATAIVYWIMLLLLLFYIVTS,26,-1,success,../data/training_dataset/structures/DECOY/DECOY_231.pdb,0.4,2026-01-15T18:05:26.470213,0.9065384615384615
DECOY_232,232,TIFSLPFAYVGALLSRYPFTLADAILM,27,-1,success,../data/training_dataset/structures/DECOY/DECOY_232.pdb,0.4,2026-01-15T18:05:26.876856,0.718888888888889
DECOY_233,233,GYLKSTKIAANIGKSLALIMLLFGLLS,27,-1,success,../data/training_dataset/structures/DECOY/DECOY_233.pdb,0.4,2026-01-15T18:05:27.281762,0.8496296296296296
DECOY_234,234,TAEERSRVIAYIPLFVASAMFWAIQEQ,27,-1,success,../data/training_dataset/structures/DECOY/DECOY_234.pdb,0.4,2026-01-15T18:05:27.686228,0.8974074074074073
DECOY_235,235,GTLYFLVKGMGVSDPDAKKFYAITTLV,27,-1,success,../data/training_dataset/structures/DECOY/DECOY_235.pdb,0.4,2026-01-15T18:05:28.093831,0.5422222222222223
DECOY_236,236,VIPVIGQVLWYIFVCWMMSIQYLDYPF,27,-1,success,../data/training_dataset/structures/DECOY/DECOY_236.pdb,0.4,2026-01-15T18:05:28.496159,0.8151851851851853
DECOY_237,237,TPAEKKKAAAIMAVGAVVIAVLLAILI,27,-1,success,../data/training_dataset/structures/DECOY/DECOY_237.pdb,0.4,2026-01-15T18:05:28.902017,0.9451851851851851
DECOY_238,238,QPVYATIGSGIVNTAFTVVSLFVVQRA,27,-1,success,../data/training_dataset/structures/DECOY/DECOY_238.pdb,0.4,2026-01-15T18:05:29.307771,0.8907407407407407
DECOY_239,239,GPLRRLVASFTTLTQSFASMDRVFQLID,28,-1,success,../data/training_dataset/structures/DECOY/DECOY_239.pdb,0.4,2026-01-15T18:05:29.710525,0.8739285714285714
DECOY_240,240,HPLKTFYLAITAGVFISIAFVFYITATT,28,-1,success,../data/training_dataset/structures/DECOY/DECOY_240.pdb,0.4,2026-01-15T18:05:30.113163,0.9349999999999999
DECOY_241,241,TPIGRILASIMMLFGIAFIGMITSTITN,28,-1,success,../data/training_dataset/structures/DECOY/DECOY_241.pdb,0.4,2026-01-15T18:05:30.518550,0.915
DECOY_242,242,DHGVLIIIAIMIGMLFVQPVMGLLSDRF,28,-1,success,../data/training_dataset/structures/DECOY/DECOY_242.pdb,0.4,2026-01-15T18:05:30.924092,0.8610714285714286
DECOY_243,243,TGVLTGIYMLLSGAIANYLAGVIADQTS,28,-1,success,../data/training_dataset/structures/DECOY/DECOY_243.pdb,0.4,2026-01-15T18:05:31.326557,0.8799999999999999
DECOY_244,244,KGALAVILVLTLTILVFWLGVYAVFFAR,28,-1,success,../data/training_dataset/structures/DECOY/DECOY_244.pdb,0.4,2026-01-15T18:05:31.730136,0.8949999999999999
DECOY_245,245,YYLPAVYILVFIIGFLGNSVAIWMFVFH,28,-1,success,../data/training_dataset/structures/DECOY/DECOY_245.pdb,0.4,2026-01-15T18:05:32.134557,0.9217857142857143
DECOY_246,246,RSVTYTLAQLPCASMALQILWEAARHFLP,29,-1,success,../data/training_dataset/structures/DECOY/DECOY_246.pdb,0.4,2026-01-15T18:05:32.537006,0.882758620689655
DECOY_247,247,SVSVIIKGTIKTIIGFMLLQAGSGILTST,29,-1,success,../data/training_dataset/structures/DECOY/DECOY_247.pdb,0.4,2026-01-15T18:05:32.938891,0.8758620689655172
DECOY_248,248,ERLSLKRVVWALCFMGSLALLALVCTNRI,29,-1,success,../data/training_dataset/structures/DECOY/DECOY_248.pdb,0.4,2026-01-15T18:05:33.341413,0.8255172413793104
DECOY_249,249,NPLGFWVSSAMAGAYVGLGIILIFTLGNL,29,-1,success,../data/training_dataset/structures/DECOY/DECOY_249.pdb,0.41,2026-01-15T18:05:33.755669,0.9058620689655174
DECOY_250,250,TFDLRFVLFMLLLILLAAGTVALMLLIGKA,30,-1,success,../data/training_dataset/structures/DECOY/DECOY_250.pdb,0.4,2026-01-15T18:05:34.161210,0.9109999999999999
DECOY_251,251,EPLPVLVLLVLLAVYDAISVYRTKHMITLA,30,-1,success,../data/training_dataset/structures/DECOY/DECOY_251.pdb,0.4,2026-01-15T18:05:34.562740,0.9006666666666665
DECOY_252,252,TVRIWGKFALGLGLMSAGFCILTLSARWSA,30,-1,success,../data/training_dataset/structures/DECOY/DECOY_252.pdb,0.4,2026-01-15T18:05:34.964757,0.8613333333333334
DECOY_253,253,LKLFCEARPGMIFWLLMNLSMAAKQYELHG,30,-1,success,../data/training_dataset/structures/DECOY/DECOY_253.pdb,0.4,2026-01-15T18:05:35.365687,0.8043333333333332
DECOY_254,254,NSFLKSILIFTILISSTVLLVGGYWIFKEM,30,-1,success,../data/training_dataset/structures/DECOY/DECOY_254.pdb,0.4,2026-01-15T18:05:35.766687,0.927
DECOY_255,255,LFKDIPRTLKREMQKLMYYIPRALGFFLLS,30,-1,success,../data/training_dataset/structures/DECOY/DECOY_255.pdb,0.4,2026-01-15T18:05:36.172861,0.7996666666666669
DECOY_256,256,TMSQHGQLEANKWVTAAWGVATAAIGLTLLL,31,-1,success,../data/training_dataset/structures/DECOY/DECOY_256.pdb,0.4,2026-01-15T18:05:36.576457,0.8680645161290323
DECOY_257,257,FLTPAHGHAAMMGVYGMFAIAVLLYSLRNIV,31,-1,success,../data/training_dataset/structures/DECOY/DECOY_257.pdb,0.4,2026-01-15T18:05:36.980846,0.843225806451613
DECOY_258,258,QKCTLSISVLLAQTIFLFLIAQKVPETSLNV,31,-1,success,../data/training_dataset/structures/DECOY/DECOY_258.pdb,0.4,2026-01-15T18:05:37.384842,0.7406451612903225
DECOY_259,259,PVNLILEGVSLLSKPVSLGLRLFGNMYAGEL,31,-1,success,../data/training_dataset/structures/DECOY/DECOY_259.pdb,0.4,2026-01-15T18:05:37.789332,0.865483870967742
DECOY_260,260,NHLCKIASASVSFNLYASVFLLTCLSIDRYLA,32,-1,success,../data/training_dataset/structures/DECOY/DECOY_260.pdb,0.4,2026-01-15T18:05:38.196776,0.9315625
DECOY_261,261,GTAYSARNYGFFWAAKATASIFGGGLGAAIAT,32,-1,success,../data/training_dataset/structures/DECOY/DECOY_261.pdb,0.4,2026-01-15T18:05:38.596810,0.7078125
DECOY_262,262,GKVIDKACFWIALLLFSLGTLAIFLTGHLNQV,32,-1,success,../data/training_dataset/structures/DECOY/DECOY_262.pdb,0.4,2026-01-15T18:05:39.000136,0.895
DECOY_263,263,RRKSIYLVIIVLTVFAVSYIPFHVMKTMNLRA,32,-1,success,../data/training_dataset/structures/DECOY/DECOY_263.pdb,0.4,2026-01-15T18:05:39.399555,0.86875
DECOY_264,264,TLPGIAGLVLTLGAAVDGNVLSFERIKEELRA,32,-1,success,../data/training_dataset/structures/DECOY/DECOY_264.pdb,0.4,2026-01-15T18:05:39.802963,0.8540625
DECOY_265,265,VIIPIFAIAISIFVSFTFAAMYGIAVAALGML,32,-1,success,../data/training_dataset/structures/DECOY/DECOY_265.pdb,0.4,2026-01-15T18:05:40.208718,0.72875
DECOY_266,266,REFKTAKSLFLVLFLFALSWLPLSIINCIIYF,32,-1,success,../data/training_dataset/structures/DECOY/DECOY_266.pdb,0.4,2026-01-15T18:05:40.612875,0.915
DECOY_267,267,TSEQAEELHKHVIDGTRVFLVIAAIAHFLAFTL,33,-1,success,../data/training_dataset/structures/DECOY/DECOY_267.pdb,0.4,2026-01-15T18:05:41.015458,0.9196969696969698
DECOY_268,268,AVALMETSERALASERALAGLYILEVALGLYME,33,-1,success,../data/training_dataset/structures/DECOY/DECOY_268.pdb,0.4,2026-01-15T18:05:41.416142,0.9036363636363637
DECOY_269,269,HFYSCLFMTCLLLIFTHASIMSLLAIAVDRYLR,33,-1,success,../data/training_dataset/structures/DECOY/DECOY_269.pdb,0.42,2026-01-15T18:05:41.839910,0.9336363636363637
DECOY_270,270,IKLMFGFKKEEGYGKWFAGNLASGGAAGALSLL,33,-1,success,../data/training_dataset/structures/DECOY/DECOY_270.pdb,0.4,2026-01-15T18:05:42.244134,0.5178787878787878
DECOY_271,271,SMWTTIICTAILVSLYWGITSNMMYKPTQEVTD,33,-1,success,../data/training_dataset/structures/DECOY/DECOY_271.pdb,0.4,2026-01-15T18:05:42.645992,0.772121212121212
DECOY_272,272,IGENLVHQVPKETIQALISYPIFFALVGLGCSM,33,-1,success,../data/training_dataset/structures/DECOY/DECOY_272.pdb,0.4,2026-01-15T18:05:43.049016,0.7563636363636362
DECOY_273,273,AFLGAAIAAGLAAVAGAIAVAIIVKATIEGTTRQ,34,-1,success,../data/training_dataset/structures/DECOY/DECOY_273.pdb,0.4,2026-01-15T18:05:43.452241,0.9226470588235295
DECOY_274,274,GLYTHRVALPHEVALPHEPHEILEVALVALILEAL,35,-1,success,../data/training_dataset/structures/DECOY/DECOY_274.pdb,0.39,2026-01-15T18:05:43.851282,0.6422857142857143
DECOY_275,275,VGYKNYRYRAGFVLAPIGLVLIVGGYFLIRGVMTL,35,-1,success,../data/training_dataset/structures/DECOY/DECOY_275.pdb,0.4,2026-01-15T18:05:44.258469,0.7825714285714286
DECOY_276,276,SHISHISHISHISHISHISHISHISSERSERGLYHI,36,-1,success,../data/training_dataset/structures/DECOY/DECOY_276.pdb,0.4,2026-01-15T18:05:44.658226,0.5141666666666667
DECOY_277,277,IRLGPIVGIAFFILLGAAALSSAVSLLEVPVAYFMRK,37,-1,success,../data/training_dataset/structures/DECOY/DECOY_277.pdb,0.4,2026-01-15T18:05:45.062887,0.83
DECOY_278,278,VYASNLNLIYNLADFVNKILFGLIIWNVAVKESSNAK,37,-1,success,../data/training_dataset/structures/DECOY/DECOY_278.pdb,0.4,2026-01-15T18:05:45.469500,0.8427027027027026
DECOY_279,279,ENLNMDLLYMAAAVMMGLAAIGAAIGIGILGGKFLEGA,38,-1,success,../data/training_dataset/structures/DECOY/DECOY_279.pdb,0.4,2026-01-15T18:05:45.869691,0.9021052631578947
DECOY_280,280,GIWVSGLGPESLAAVGLFFPVFMGIIALAAGLGVGTSSA,39,-1,success,../data/training_dataset/structures/DECOY/DECOY_280.pdb,0.4,2026-01-15T18:05:46.271163,0.7484615384615384
DECOY_281,281,TPLVTGFLLGAEFVGGVLIGTVLSGAMLAILTANSGGAW,39,-1,success,../data/training_dataset/structures/DECOY/DECOY_281.pdb,0.39,2026-01-15T18:05:46.669132,0.5082051282051281
DECOY_282,282,ARRIGARDKEGADNVAVHSLILSLILGVTITITMLPAID,39,-1,success,../data/training_dataset/structures/DECOY/DECOY_282.pdb,0.44,2026-01-15T18:05:47.113578,0.785128205128205
DECOY_283,283,RLAPLYASARALWLLVALAALGLLAHFLPAALRAALLGR,39,-1,success,../data/training_dataset/structures/DECOY/DECOY_283.pdb,0.39,2026-01-15T18:05:47.512284,0.8228205128205129
DECOY_284,284,NFSTIVAAVEEGRAIYNNMKQFIRYLISSNVGEVVCIFLTAALG,44,-1,success,../data/training_dataset/structures/DECOY/DECOY_284.pdb,0.44,2026-01-15T18:05:47.961261,0.7768181818181819
DECOY_285,285,LLPRYMLILGTIYALTSLLFWLQGKIMLTLSQDVVFRLRKELFEKLQ,47,-1,success,../data/training_dataset/structures/DECOY/DECOY_285.pdb,0.4,2026-01-15T18:05:48.367857,0.8802127659574468
DECOY_286,286,EERVRKSAETLLRVFDGLAEAMYLIVGGVMQYAPIGVFALIAYVMAEQG,49,-1,success,../data/training_dataset/structures/DECOY/DECOY_286.pdb,0.4,2026-01-15T18:05:48.769989,0.8981632653061224
