unique_id,original_idx,sequence,length,label,status,pdb_file,time_seconds,timestamp
AMP_1,1,FFFLSRIF,8,1,success,../data/training_dataset/structures/AMP/AMP_1.pdb,0.78,2026-01-15T18:01:53.448128
AMP_2,2,GLLKRIKTLL,10,1,success,../data/training_dataset/structures/AMP/AMP_2.pdb,0.4,2026-01-15T18:01:53.856335
AMP_3,3,LSPNLLKSLL,10,1,success,../data/training_dataset/structures/AMP/AMP_3.pdb,0.41,2026-01-15T18:01:54.275277
AMP_4,4,KKLLKWLKKLL,11,1,success,../data/training_dataset/structures/AMP/AMP_4.pdb,0.39,2026-01-15T18:01:54.671971
AMP_5,5,RPKPQQFFGLM,11,1,success,../data/training_dataset/structures/AMP/AMP_5.pdb,0.41,2026-01-15T18:01:55.084107
AMP_6,6,SLLSLLRKLIT,11,1,success,../data/training_dataset/structures/AMP/AMP_6.pdb,0.4,2026-01-15T18:01:55.486542
AMP_7,7,FLPLKKLRFGLL,12,1,success,../data/training_dataset/structures/AMP/AMP_7.pdb,0.41,2026-01-15T18:01:55.896537
AMP_8,8,GKWMSLLKHILK,12,1,success,../data/training_dataset/structures/AMP/AMP_8.pdb,0.48,2026-01-15T18:01:56.385903
AMP_9,9,GMWSKILGHLIR,12,1,success,../data/training_dataset/structures/AMP/AMP_9.pdb,0.39,2026-01-15T18:01:56.784820
AMP_10,10,ILGTILGLLKSL,12,1,success,../data/training_dataset/structures/AMP/AMP_10.pdb,0.4,2026-01-15T18:01:57.190726
AMP_11,11,ILPIRSLIKKLL,12,1,success,../data/training_dataset/structures/AMP/AMP_11.pdb,0.39,2026-01-15T18:01:57.583509
AMP_12,12,FKRIVQRIKDFLR,13,1,success,../data/training_dataset/structures/AMP/AMP_12.pdb,0.41,2026-01-15T18:01:57.997290
AMP_13,13,FLGALWNVAKSVF,13,1,success,../data/training_dataset/structures/AMP/AMP_13.pdb,0.41,2026-01-15T18:01:58.411045
AMP_14,14,FLPIVTNLLSGLL,13,1,success,../data/training_dataset/structures/AMP/AMP_14.pdb,0.39,2026-01-15T18:01:58.804235
AMP_15,15,FLPLIGRVLSGIL,13,1,success,../data/training_dataset/structures/AMP/AMP_15.pdb,0.4,2026-01-15T18:01:59.213162
AMP_16,16,FLSGIVGMLGKLF,13,1,success,../data/training_dataset/structures/AMP/AMP_16.pdb,0.39,2026-01-15T18:01:59.604479
AMP_17,17,FLSHIAGFLSNLF,13,1,success,../data/training_dataset/structures/AMP/AMP_17.pdb,0.41,2026-01-15T18:02:00.020281
AMP_18,18,FLSTLWNAAKSIF,13,1,success,../data/training_dataset/structures/AMP/AMP_18.pdb,0.41,2026-01-15T18:02:00.436089
AMP_19,19,FMPILSCSRFKRC,13,1,success,../data/training_dataset/structures/AMP/AMP_19.pdb,0.4,2026-01-15T18:02:00.836314
AMP_20,20,FVQWFSKFLGRIL,13,1,success,../data/training_dataset/structures/AMP/AMP_20.pdb,0.41,2026-01-15T18:02:01.246689
AMP_21,21,GLFDIIKKIAESF,13,1,success,../data/training_dataset/structures/AMP/AMP_21.pdb,0.39,2026-01-15T18:02:01.642554
AMP_22,22,GLFDIIKKIAESI,13,1,success,../data/training_dataset/structures/AMP/AMP_22.pdb,0.41,2026-01-15T18:02:02.055834
AMP_23,23,GLLSLLSLLGKLL,13,1,success,../data/training_dataset/structures/AMP/AMP_23.pdb,0.41,2026-01-15T18:02:02.471343
AMP_24,24,IFGAIAGLLKNIF,13,1,success,../data/training_dataset/structures/AMP/AMP_24.pdb,0.4,2026-01-15T18:02:02.873300
AMP_25,25,IFGAIWNGIKSLF,13,1,success,../data/training_dataset/structures/AMP/AMP_25.pdb,0.41,2026-01-15T18:02:03.284242
AMP_26,26,IFKAIWSGIKSLF,13,1,success,../data/training_dataset/structures/AMP/AMP_26.pdb,0.39,2026-01-15T18:02:03.681655
AMP_27,27,IIPLPLGYFAKKT,13,1,success,../data/training_dataset/structures/AMP/AMP_27.pdb,0.41,2026-01-15T18:02:04.097489
AMP_28,28,ILGKIWEGIKSLF,13,1,success,../data/training_dataset/structures/AMP/AMP_28.pdb,0.41,2026-01-15T18:02:04.511146
AMP_29,29,LLPIVGNLLKSLL,13,1,success,../data/training_dataset/structures/AMP/AMP_29.pdb,0.48,2026-01-15T18:02:04.992154
AMP_30,30,FFPLALLCKVFKKC,14,1,success,../data/training_dataset/structures/AMP/AMP_30.pdb,0.4,2026-01-15T18:02:05.392980
AMP_31,31,FLLFPLMCKIQGKC,14,1,success,../data/training_dataset/structures/AMP/AMP_31.pdb,0.4,2026-01-15T18:02:05.795231
AMP_32,32,FVLPLVMCKILRKC,14,1,success,../data/training_dataset/structures/AMP/AMP_32.pdb,0.42,2026-01-15T18:02:06.215388
AMP_33,33,GFWGKLWEGVKSAI,14,1,success,../data/training_dataset/structures/AMP/AMP_33.pdb,0.44,2026-01-15T18:02:06.660528
AMP_34,34,GILDAIKAIAKAAG,14,1,success,../data/training_dataset/structures/AMP/AMP_34.pdb,0.38,2026-01-15T18:02:07.050016
AMP_35,35,IDWKKLLDAAKQIL,14,1,success,../data/training_dataset/structures/AMP/AMP_35.pdb,0.39,2026-01-15T18:02:07.445633
AMP_36,36,IDWLKLGKMVIDAL,14,1,success,../data/training_dataset/structures/AMP/AMP_36.pdb,0.38,2026-01-15T18:02:07.835025
AMP_37,37,IDWLKLGKMVMDVL,14,1,success,../data/training_dataset/structures/AMP/AMP_37.pdb,0.39,2026-01-15T18:02:08.224610
AMP_38,38,INLKALAALAKKIL,14,1,success,../data/training_dataset/structures/AMP/AMP_38.pdb,0.39,2026-01-15T18:02:08.615034
AMP_39,39,INWKKIFEKVKNLV,14,1,success,../data/training_dataset/structures/AMP/AMP_39.pdb,0.39,2026-01-15T18:02:09.006774
AMP_40,40,INWLKLGKKILGAL,14,1,success,../data/training_dataset/structures/AMP/AMP_40.pdb,0.39,2026-01-15T18:02:09.404852
AMP_41,41,INWLKLGKKMMSAL,14,1,success,../data/training_dataset/structures/AMP/AMP_41.pdb,0.44,2026-01-15T18:02:09.846033
AMP_42,42,KKKKPLFGLFFGLF,14,1,success,../data/training_dataset/structures/AMP/AMP_42.pdb,0.39,2026-01-15T18:02:10.237627
AMP_43,43,LKLKSIVSWAKKVL,14,1,success,../data/training_dataset/structures/AMP/AMP_43.pdb,0.51,2026-01-15T18:02:10.756743
AMP_44,44,FASLLGKALKALAKQ,15,1,success,../data/training_dataset/structures/AMP/AMP_44.pdb,0.4,2026-01-15T18:02:11.163882
AMP_45,45,KWKLFKKIGAVLKVL,15,1,success,../data/training_dataset/structures/AMP/AMP_45.pdb,0.44,2026-01-15T18:02:11.611792
AMP_46,46,LNLKGIFKKVASLLT,15,1,success,../data/training_dataset/structures/AMP/AMP_46.pdb,0.47,2026-01-15T18:02:12.083024
AMP_47,47,TSRCYIGYRRKVVCS,15,1,success,../data/training_dataset/structures/AMP/AMP_47.pdb,0.47,2026-01-15T18:02:12.560382
AMP_48,48,VAIALKAAHYHTHKE,15,1,success,../data/training_dataset/structures/AMP/AMP_48.pdb,0.39,2026-01-15T18:02:12.954448
AMP_49,49,VGALAVVVWLFLWLW,15,1,success,../data/training_dataset/structures/AMP/AMP_49.pdb,0.39,2026-01-15T18:02:13.348650
AMP_50,50,VGALAVVVWLWLWLW,15,1,success,../data/training_dataset/structures/AMP/AMP_50.pdb,0.39,2026-01-15T18:02:13.743031
AMP_51,51,VGALAVVVWLYLWLW,15,1,success,../data/training_dataset/structures/AMP/AMP_51.pdb,0.39,2026-01-15T18:02:14.139269
AMP_52,52,VNWKKILGKIIKVAK,15,1,success,../data/training_dataset/structures/AMP/AMP_52.pdb,0.39,2026-01-15T18:02:14.534407
AMP_53,53,VNWKKILGKIIKVVK,15,1,success,../data/training_dataset/structures/AMP/AMP_53.pdb,0.39,2026-01-15T18:02:14.927288
AMP_54,54,VNWKKVLGKIIKVAK,15,1,success,../data/training_dataset/structures/AMP/AMP_54.pdb,0.39,2026-01-15T18:02:15.322885
AMP_55,55,GCSRWIIGIHGQICRD,16,1,success,../data/training_dataset/structures/AMP/AMP_55.pdb,0.39,2026-01-15T18:02:15.714779
AMP_56,56,GLFDIVKKVVGAIGSL,16,1,success,../data/training_dataset/structures/AMP/AMP_56.pdb,0.47,2026-01-15T18:02:16.188092
AMP_57,57,GLFDIVKKVVGALGSL,16,1,success,../data/training_dataset/structures/AMP/AMP_57.pdb,0.38,2026-01-15T18:02:16.576979
AMP_58,58,GLFDVIKKVASVIGGL,16,1,success,../data/training_dataset/structures/AMP/AMP_58.pdb,0.38,2026-01-15T18:02:16.965253
AMP_59,59,ILGKLLSTAAGLLSNL,16,1,success,../data/training_dataset/structures/AMP/AMP_59.pdb,0.39,2026-01-15T18:02:17.355554
AMP_60,60,ALYKKFKKKLLKSLKRL,17,1,success,../data/training_dataset/structures/AMP/AMP_60.pdb,0.4,2026-01-15T18:02:17.761587
AMP_61,61,FLPAALAGIGGILGKLF,17,1,success,../data/training_dataset/structures/AMP/AMP_61.pdb,0.39,2026-01-15T18:02:18.156457
AMP_62,62,GVIDAAKKVVNVLKNLF,17,1,success,../data/training_dataset/structures/AMP/AMP_62.pdb,0.39,2026-01-15T18:02:18.548902
AMP_63,63,INWKKIASIGKEVLKAL,17,1,success,../data/training_dataset/structures/AMP/AMP_63.pdb,0.39,2026-01-15T18:02:18.947209
AMP_64,64,ALKAALLAILKIVRVIKK,18,1,success,../data/training_dataset/structures/AMP/AMP_64.pdb,0.39,2026-01-15T18:02:19.344333
AMP_65,65,FFGHLFKLATKIIPSLFQ,18,1,success,../data/training_dataset/structures/AMP/AMP_65.pdb,0.39,2026-01-15T18:02:19.739338
AMP_66,66,GFLSILKKVLPKVMAHMK,18,1,success,../data/training_dataset/structures/AMP/AMP_66.pdb,0.39,2026-01-15T18:02:20.131291
AMP_67,67,GLLGPLLKIAAKVGSNLL,18,1,success,../data/training_dataset/structures/AMP/AMP_67.pdb,0.39,2026-01-15T18:02:20.523614
AMP_68,68,GLVDVLGKVGGLIKKLLP,18,1,success,../data/training_dataset/structures/AMP/AMP_68.pdb,0.39,2026-01-15T18:02:20.921174
AMP_69,69,IFGAILPLALGALKNLIK,18,1,success,../data/training_dataset/structures/AMP/AMP_69.pdb,0.4,2026-01-15T18:02:21.321094
AMP_70,70,KWKLFKKIPKFLHLAKKF,18,1,success,../data/training_dataset/structures/AMP/AMP_70.pdb,0.39,2026-01-15T18:02:21.717253
AMP_71,71,PAAAAQAVAGLAPVAAEQ,18,1,success,../data/training_dataset/structures/AMP/AMP_71.pdb,0.4,2026-01-15T18:02:22.120264
AMP_72,72,AKKVFKRLEKLFSKIQNDK,19,1,success,../data/training_dataset/structures/AMP/AMP_72.pdb,0.4,2026-01-15T18:02:22.529675
AMP_73,73,FLSLIPHAINAVSAIAKHN,19,1,success,../data/training_dataset/structures/AMP/AMP_73.pdb,0.45,2026-01-15T18:02:22.980969
AMP_74,74,FLSLIPHAINAVSALANHG,19,1,success,../data/training_dataset/structures/AMP/AMP_74.pdb,0.39,2026-01-15T18:02:23.376150
AMP_75,75,FLSLIPHAINAVSTLVHHF,19,1,success,../data/training_dataset/structures/AMP/AMP_75.pdb,0.4,2026-01-15T18:02:23.779930
AMP_76,76,FLWGLIPGAISAVTSLIKK,19,1,success,../data/training_dataset/structures/AMP/AMP_76.pdb,0.42,2026-01-15T18:02:24.203223
AMP_77,77,GFGKAFHSVSNFAKKHKTA,19,1,success,../data/training_dataset/structures/AMP/AMP_77.pdb,0.4,2026-01-15T18:02:24.612389
AMP_78,78,GFGPAFHSVSNFAKKHKTA,19,1,success,../data/training_dataset/structures/AMP/AMP_78.pdb,0.49,2026-01-15T18:02:25.107482
AMP_79,79,GFKDLLKGAAKALVKTVLF,19,1,success,../data/training_dataset/structures/AMP/AMP_79.pdb,0.4,2026-01-15T18:02:25.515008
AMP_80,80,GWMSKIASGIGTFLSGMQQ,19,1,success,../data/training_dataset/structures/AMP/AMP_80.pdb,0.4,2026-01-15T18:02:25.915723
AMP_81,81,KGRGKQGGKVRAKAKTRSS,19,1,success,../data/training_dataset/structures/AMP/AMP_81.pdb,0.4,2026-01-15T18:02:26.318549
AMP_82,82,AALKGCWTKSIPPKPCFGKR,20,1,success,../data/training_dataset/structures/AMP/AMP_82.pdb,0.41,2026-01-15T18:02:26.727616
AMP_83,83,FIGLLISAGKAIHDLIRRRH,20,1,success,../data/training_dataset/structures/AMP/AMP_83.pdb,0.39,2026-01-15T18:02:27.121559
AMP_84,84,FLGGLIKIVPAMICAVTKKC,20,1,success,../data/training_dataset/structures/AMP/AMP_84.pdb,0.47,2026-01-15T18:02:27.600455
AMP_85,85,GLMSVLGHAVGNVLGGLFKS,20,1,success,../data/training_dataset/structures/AMP/AMP_85.pdb,0.4,2026-01-15T18:02:28.001468
AMP_86,86,GWANTLKNVAGGLCKITGAA,20,1,success,../data/training_dataset/structures/AMP/AMP_86.pdb,0.4,2026-01-15T18:02:28.407884
AMP_87,87,IIGPVLGLVGSALGGLLKKI,20,1,success,../data/training_dataset/structures/AMP/AMP_87.pdb,0.39,2026-01-15T18:02:28.801884
AMP_88,88,KIKIPWGKVKDFLVGGMKAV,20,1,success,../data/training_dataset/structures/AMP/AMP_88.pdb,0.39,2026-01-15T18:02:29.194797
AMP_89,89,KRIVQRIKDFLRNLVPRTES,20,1,success,../data/training_dataset/structures/AMP/AMP_89.pdb,0.45,2026-01-15T18:02:29.650835
AMP_90,90,LAHQKPFIRKSYKCLHKRCR,20,1,success,../data/training_dataset/structures/AMP/AMP_90.pdb,0.39,2026-01-15T18:02:30.044288
AMP_91,91,LIGPVLGLVGSALGGLLKKI,20,1,success,../data/training_dataset/structures/AMP/AMP_91.pdb,0.45,2026-01-15T18:02:30.501732
AMP_92,92,SWASMAKKLKEYMEKLKQRA,20,1,success,../data/training_dataset/structures/AMP/AMP_92.pdb,0.41,2026-01-15T18:02:30.916012
AMP_93,93,SWKSMAKKLKEYMEKLKQRA,20,1,success,../data/training_dataset/structures/AMP/AMP_93.pdb,0.39,2026-01-15T18:02:31.309805
AMP_94,94,VGKTWIKVIRGIGKSKIKWQ,20,1,success,../data/training_dataset/structures/AMP/AMP_94.pdb,0.48,2026-01-15T18:02:31.794974
AMP_95,95,GFMKYIGPLIPHAVKAISDLI,21,1,success,../data/training_dataset/structures/AMP/AMP_95.pdb,0.39,2026-01-15T18:02:32.192212
AMP_96,96,GIFGKILGVGKKVLCGLSGWC,21,1,success,../data/training_dataset/structures/AMP/AMP_96.pdb,0.39,2026-01-15T18:02:32.588997
AMP_97,97,GLLSFLPKVIGVIGHLIHPPS,21,1,success,../data/training_dataset/structures/AMP/AMP_97.pdb,0.39,2026-01-15T18:02:32.987856
AMP_98,98,GLLSKVLGVGKKVLCGVSGLC,21,1,success,../data/training_dataset/structures/AMP/AMP_98.pdb,0.41,2026-01-15T18:02:33.400409
AMP_99,99,GMASKAGAIAGKIAKVALKAL,21,1,success,../data/training_dataset/structures/AMP/AMP_99.pdb,0.4,2026-01-15T18:02:33.803444
AMP_100,100,RQRVEELSKFSKKGAAARRRK,21,1,success,../data/training_dataset/structures/AMP/AMP_100.pdb,0.39,2026-01-15T18:02:34.199218
AMP_101,101,TRSSRAGLQFPVGRVHRLLRK,21,1,success,../data/training_dataset/structures/AMP/AMP_101.pdb,0.4,2026-01-15T18:02:34.598892
AMP_102,102,FFHHIFRGIVHVGKTIHKLVTG,22,1,success,../data/training_dataset/structures/AMP/AMP_102.pdb,0.41,2026-01-15T18:02:35.008326
AMP_103,103,FFHHIFRGIVHVGKTIHRLVTG,22,1,success,../data/training_dataset/structures/AMP/AMP_103.pdb,0.4,2026-01-15T18:02:35.412540
AMP_104,104,FIHHIFRGIVHAGRSIGRFLTG,22,1,success,../data/training_dataset/structures/AMP/AMP_104.pdb,0.39,2026-01-15T18:02:35.808063
AMP_105,105,GAARKSIRLHRLYTWKATIYTR,22,1,success,../data/training_dataset/structures/AMP/AMP_105.pdb,0.46,2026-01-15T18:02:36.270301
AMP_106,106,GLFVGVLAKVAAHVVPAIAEHF,22,1,success,../data/training_dataset/structures/AMP/AMP_106.pdb,0.48,2026-01-15T18:02:36.750109
AMP_107,107,LGAWLAGKVAGTVATYAWNRYV,22,1,success,../data/training_dataset/structures/AMP/AMP_107.pdb,0.39,2026-01-15T18:02:37.148602
AMP_108,108,MQFITDLIKKAVDFFKGLFGNK,22,1,success,../data/training_dataset/structures/AMP/AMP_108.pdb,0.39,2026-01-15T18:02:37.542994
AMP_109,109,YSLQMGATAIKQVKKLFKKKGG,22,1,success,../data/training_dataset/structures/AMP/AMP_109.pdb,0.4,2026-01-15T18:02:37.943147
AMP_110,110,AFKLLGRIIHHVGNFVYGFSHVF,23,1,success,../data/training_dataset/structures/AMP/AMP_110.pdb,0.4,2026-01-15T18:02:38.347936
AMP_111,111,FLRFIGSVIHGIGHLVHHIGVAL,23,1,success,../data/training_dataset/structures/AMP/AMP_111.pdb,0.4,2026-01-15T18:02:38.749024
AMP_112,112,GIGKFLHSAKKFGKAFVGEIMNS,23,1,success,../data/training_dataset/structures/AMP/AMP_112.pdb,0.4,2026-01-15T18:02:39.148858
AMP_113,113,GINTLKKVIQGLHEVIKLVSNHA,23,1,success,../data/training_dataset/structures/AMP/AMP_113.pdb,0.39,2026-01-15T18:02:39.547074
AMP_114,114,GINTLKKVIQGLHEVIKLVSNHE,23,1,success,../data/training_dataset/structures/AMP/AMP_114.pdb,0.39,2026-01-15T18:02:39.943728
AMP_115,115,GLWQKIKSAAGDLASGIVEGIKS,23,1,success,../data/training_dataset/structures/AMP/AMP_115.pdb,0.46,2026-01-15T18:02:40.410828
AMP_116,116,LFKLLGKIIHHVGNFVHGFSHVF,23,1,success,../data/training_dataset/structures/AMP/AMP_116.pdb,0.39,2026-01-15T18:02:40.809736
AMP_117,117,LLGDFFRKSKEKIGKEFKRIVQR,23,1,success,../data/training_dataset/structures/AMP/AMP_117.pdb,0.39,2026-01-15T18:02:41.208619
AMP_118,118,RIIDLLWRVRRPQKPKFVTVWVR,23,1,success,../data/training_dataset/structures/AMP/AMP_118.pdb,0.39,2026-01-15T18:02:41.606119
AMP_119,119,VFHLLGKIIHHVGNFVYGFSHVF,23,1,success,../data/training_dataset/structures/AMP/AMP_119.pdb,0.39,2026-01-15T18:02:42.004947
AMP_120,120,VFQFLGKIIHHVGNFVHGFSHVF,23,1,success,../data/training_dataset/structures/AMP/AMP_120.pdb,0.4,2026-01-15T18:02:42.405600
AMP_121,121,VFQFLGRIIHHVGNFVHGFSHVF,23,1,success,../data/training_dataset/structures/AMP/AMP_121.pdb,0.39,2026-01-15T18:02:42.804439
AMP_122,122,DSHAKRHHGYKRKFHEKHHSHRGY,24,1,success,../data/training_dataset/structures/AMP/AMP_122.pdb,0.4,2026-01-15T18:02:43.210002
AMP_123,123,FLPILASLAAKFGPKLFCLVTKKC,24,1,success,../data/training_dataset/structures/AMP/AMP_123.pdb,0.4,2026-01-15T18:02:43.617599
AMP_124,124,FWGALAKGALKLIPSLFSSFSKKD,24,1,success,../data/training_dataset/structures/AMP/AMP_124.pdb,0.4,2026-01-15T18:02:44.022461
AMP_125,125,GLFGVLGSIAKHVLPHVVPVIAEK,24,1,success,../data/training_dataset/structures/AMP/AMP_125.pdb,0.4,2026-01-15T18:02:44.427140
AMP_126,126,GLFKVLGSVAKHLLPHVAPVIAEK,24,1,success,../data/training_dataset/structures/AMP/AMP_126.pdb,0.41,2026-01-15T18:02:44.837365
AMP_127,127,GLFKVLGSVAKHLLPHVVPVIAEK,24,1,success,../data/training_dataset/structures/AMP/AMP_127.pdb,0.41,2026-01-15T18:02:45.251699
AMP_128,128,GLFSVLGAVAKHVLPHVVPVIAEK,24,1,success,../data/training_dataset/structures/AMP/AMP_128.pdb,0.4,2026-01-15T18:02:45.658037
AMP_129,129,GLKDKFKSMGEKLKQYIQTWKAKF,24,1,success,../data/training_dataset/structures/AMP/AMP_129.pdb,0.4,2026-01-15T18:02:46.062630
AMP_130,130,GLLNGLALRLGKRALKKIIKRLCR,24,1,success,../data/training_dataset/structures/AMP/AMP_130.pdb,0.46,2026-01-15T18:02:46.523217
AMP_131,131,GLNALKKVFQGIHEAIKLINNHVQ,24,1,success,../data/training_dataset/structures/AMP/AMP_131.pdb,0.4,2026-01-15T18:02:46.925413
AMP_132,132,GLNTLKKVFQGLHEAIKLINNHVQ,24,1,success,../data/training_dataset/structures/AMP/AMP_132.pdb,0.4,2026-01-15T18:02:47.331274
AMP_133,133,GLRSKIWLWVLLMIWQESNKFKKM,24,1,success,../data/training_dataset/structures/AMP/AMP_133.pdb,0.4,2026-01-15T18:02:47.735107
AMP_134,134,LLKELWTKIKGAGKAVLGKIKGLL,24,1,success,../data/training_dataset/structures/AMP/AMP_134.pdb,0.41,2026-01-15T18:02:48.147886
AMP_135,135,RKGWFKAMKSIAKFIAKEKLKEHL,24,1,success,../data/training_dataset/structures/AMP/AMP_135.pdb,0.4,2026-01-15T18:02:48.552822
AMP_136,136,RRWVRRVRRWVRRVVRVVRRWVRR,24,1,success,../data/training_dataset/structures/AMP/AMP_136.pdb,0.4,2026-01-15T18:02:48.958852
AMP_137,137,SLKDKVKSMGEKLKQYIQTWKAKF,24,1,success,../data/training_dataset/structures/AMP/AMP_137.pdb,0.4,2026-01-15T18:02:49.361836
AMP_138,138,VIPFVASVAAEMMHHVYCAASKRC,24,1,success,../data/training_dataset/structures/AMP/AMP_138.pdb,0.4,2026-01-15T18:02:49.763639
AMP_139,139,WRSLGRTLLRLSHALKPLARRSGW,24,1,success,../data/training_dataset/structures/AMP/AMP_139.pdb,0.4,2026-01-15T18:02:50.169946
AMP_140,140,FFGSLLSLGSKLLPSVFKLFQRKKE,25,1,success,../data/training_dataset/structures/AMP/AMP_140.pdb,0.4,2026-01-15T18:02:50.575757
AMP_141,141,FFGWLIKGAIHAGKAIHGLIHRRRH,25,1,success,../data/training_dataset/structures/AMP/AMP_141.pdb,0.47,2026-01-15T18:02:51.049846
AMP_142,142,FFGWLIRGAIHAGKAIHGLIHRRRH,25,1,success,../data/training_dataset/structures/AMP/AMP_142.pdb,0.41,2026-01-15T18:02:51.464901
AMP_143,143,GAWKNFWSSLRKGFYDGEAGRAIRR,25,1,success,../data/training_dataset/structures/AMP/AMP_143.pdb,0.41,2026-01-15T18:02:51.883403
AMP_144,144,GIGAAILSAGKSALKGLAKGLAEHF,25,1,success,../data/training_dataset/structures/AMP/AMP_144.pdb,0.4,2026-01-15T18:02:52.289075
AMP_145,145,GIGAAILSAGKSIIKGLANGLAEHF,25,1,success,../data/training_dataset/structures/AMP/AMP_145.pdb,0.41,2026-01-15T18:02:52.704049
AMP_146,146,GLLGVLGSVAKHVLPHVVPVIAEHL,25,1,success,../data/training_dataset/structures/AMP/AMP_146.pdb,0.4,2026-01-15T18:02:53.110398
AMP_147,147,GLLSSLSSVAKHVLPHVVPVIAEHL,25,1,success,../data/training_dataset/structures/AMP/AMP_147.pdb,0.41,2026-01-15T18:02:53.525085
AMP_148,148,GLLSVLGSVAKHVLPHVVPVIAEHL,25,1,success,../data/training_dataset/structures/AMP/AMP_148.pdb,0.4,2026-01-15T18:02:53.931109
AMP_149,149,GLLSVLGSVAQHVLPHVVPVIAEHL,25,1,success,../data/training_dataset/structures/AMP/AMP_149.pdb,0.44,2026-01-15T18:02:54.376714
AMP_150,150,GLLSVLGSVVKHVIPHVVPVIAEHL,25,1,success,../data/training_dataset/structures/AMP/AMP_150.pdb,0.4,2026-01-15T18:02:54.781242
AMP_151,151,GVVDILKGAAKDIAGHLASKVMNKL,25,1,success,../data/training_dataset/structures/AMP/AMP_151.pdb,0.41,2026-01-15T18:02:55.192267
AMP_152,152,GWGSFFKKAAHVGKHVGKAALTHYL,25,1,success,../data/training_dataset/structures/AMP/AMP_152.pdb,0.4,2026-01-15T18:02:55.600970
AMP_153,153,HVDKKVADKVLLLKQLRIMRLLTRL,25,1,success,../data/training_dataset/structures/AMP/AMP_153.pdb,0.47,2026-01-15T18:02:56.073741
AMP_154,154,IWLTALKFLGKHAAKHLAKQQLSKL,25,1,success,../data/training_dataset/structures/AMP/AMP_154.pdb,0.4,2026-01-15T18:02:56.476406
AMP_155,155,KRRGSVTTRYQFLMIHLLRPKKLFA,25,1,success,../data/training_dataset/structures/AMP/AMP_155.pdb,0.48,2026-01-15T18:02:56.958404
AMP_156,156,NLVSGLIEARKYLEQLHRKLKNCKV,25,1,success,../data/training_dataset/structures/AMP/AMP_156.pdb,0.49,2026-01-15T18:02:57.451427
AMP_157,157,WLGSALKIGAKLLPSVVGLFKKKKQ,25,1,success,../data/training_dataset/structures/AMP/AMP_157.pdb,0.4,2026-01-15T18:02:57.853884
AMP_158,158,FWGHIWNAVKRVGANALHGAVTGALS,26,1,success,../data/training_dataset/structures/AMP/AMP_158.pdb,0.4,2026-01-15T18:02:58.261840
AMP_159,159,GIGAVLKVLTTGLPALISWIKRKRQQ,26,1,success,../data/training_dataset/structures/AMP/AMP_159.pdb,0.4,2026-01-15T18:02:58.667835
AMP_160,160,GLFGKLIKKFGRKAISYAVKKARGKH,26,1,success,../data/training_dataset/structures/AMP/AMP_160.pdb,0.4,2026-01-15T18:02:59.075145
AMP_161,161,GLWNKIKEAASKAAGKAALGFVNEMV,26,1,success,../data/training_dataset/structures/AMP/AMP_161.pdb,0.4,2026-01-15T18:02:59.483093
AMP_162,162,KRFGRLAKSFLRMRILLPRRKILLAS,26,1,success,../data/training_dataset/structures/AMP/AMP_162.pdb,0.4,2026-01-15T18:02:59.890007
AMP_163,163,KSSAYSLQMGATAIKQVKKLFKKWGW,26,1,success,../data/training_dataset/structures/AMP/AMP_163.pdb,0.41,2026-01-15T18:03:00.299243
AMP_164,164,RVKRVWPLVIRTVIAGYNLYRAIKKK,26,1,success,../data/training_dataset/structures/AMP/AMP_164.pdb,0.4,2026-01-15T18:03:00.701639
AMP_165,165,SMWSGMWRRKLKKLRNALKKKLKGEK,26,1,success,../data/training_dataset/structures/AMP/AMP_165.pdb,0.4,2026-01-15T18:03:01.105200
AMP_166,166,ALWMTLLKKVLKAAAKALNAVLVGANA,27,1,success,../data/training_dataset/structures/AMP/AMP_166.pdb,0.4,2026-01-15T18:03:01.510957
AMP_167,167,GIGASILSAGKSALKGLAKGLAEHFAN,27,1,success,../data/training_dataset/structures/AMP/AMP_167.pdb,0.4,2026-01-15T18:03:01.912787
AMP_168,168,GIGGVLLSAGKAALKGLAKVLAEKYAN,27,1,success,../data/training_dataset/structures/AMP/AMP_168.pdb,0.4,2026-01-15T18:03:02.318234
AMP_169,169,GIGSAILSAGKSALKGLAKGLAEHFAN,27,1,success,../data/training_dataset/structures/AMP/AMP_169.pdb,0.4,2026-01-15T18:03:02.724472
AMP_170,170,GLPRKILCAIAKKKGKCKGPLKLVCKC,27,1,success,../data/training_dataset/structures/AMP/AMP_170.pdb,0.4,2026-01-15T18:03:03.127934
AMP_171,171,GRFKRFRKKFKKLFKKLSPVIPLLHLG,27,1,success,../data/training_dataset/structures/AMP/AMP_171.pdb,0.46,2026-01-15T18:03:03.589436
AMP_172,172,KIKWFKTMKSIAKFIAKEQMKKHLGGE,27,1,success,../data/training_dataset/structures/AMP/AMP_172.pdb,0.4,2026-01-15T18:03:03.993002
AMP_173,173,KRRHWFPLSFQEFLEQLRRFRDQLPFP,27,1,success,../data/training_dataset/structures/AMP/AMP_173.pdb,0.4,2026-01-15T18:03:04.397630
AMP_174,174,MRKEFHNVLSSGQLLADKRPARDYNRK,27,1,success,../data/training_dataset/structures/AMP/AMP_174.pdb,0.42,2026-01-15T18:03:04.824766
AMP_175,175,RFGRFLRKIRRFRPKVTITIQGSARFG,27,1,success,../data/training_dataset/structures/AMP/AMP_175.pdb,0.4,2026-01-15T18:03:05.228539
AMP_176,176,ALWKDILKNVGKAAGKAVLNTVTDMVNQ,28,1,success,../data/training_dataset/structures/AMP/AMP_176.pdb,0.4,2026-01-15T18:03:05.634563
AMP_177,177,GFFGKMKEYFKKFGASFKRRFANLKKRL,28,1,success,../data/training_dataset/structures/AMP/AMP_177.pdb,0.4,2026-01-15T18:03:06.038180
AMP_178,178,GGLRSLGRKILRAWKKYGPIIVPIIRIG,28,1,success,../data/training_dataset/structures/AMP/AMP_178.pdb,0.4,2026-01-15T18:03:06.439782
AMP_179,179,GFMDTAKNVAKNVAVTLIDNLKCKITKAC,29,1,success,../data/training_dataset/structures/AMP/AMP_179.pdb,0.4,2026-01-15T18:03:06.846007
AMP_180,180,GLWSKIKTAGKSVAKAAAKAAVKAVTNAV,29,1,success,../data/training_dataset/structures/AMP/AMP_180.pdb,0.39,2026-01-15T18:03:07.244909
AMP_181,181,LLGDFFRKSKEKIGKEFKRIVQRIKDFLR,29,1,success,../data/training_dataset/structures/AMP/AMP_181.pdb,0.4,2026-01-15T18:03:07.647057
AMP_182,182,RGLRRLGRKIAHGVKKYGPTVLRIIRIAG,29,1,success,../data/training_dataset/structures/AMP/AMP_182.pdb,0.4,2026-01-15T18:03:08.047199
AMP_183,183,RKCNFLCKLKEKLRTVITSHIDKVLRPQG,29,1,success,../data/training_dataset/structures/AMP/AMP_183.pdb,0.4,2026-01-15T18:03:08.446512
AMP_184,184,RVKRFWPLVPVAINTVAAGINLYKAIRRK,29,1,success,../data/training_dataset/structures/AMP/AMP_184.pdb,0.4,2026-01-15T18:03:08.849307
AMP_185,185,SIGSAFKKALPVAKKIGKAALPIAKAALP,29,1,success,../data/training_dataset/structures/AMP/AMP_185.pdb,0.4,2026-01-15T18:03:09.249266
AMP_186,186,SIGSALKKALPVAKKIGKIALPIAKAALP,29,1,success,../data/training_dataset/structures/AMP/AMP_186.pdb,0.4,2026-01-15T18:03:09.654718
AMP_187,187,ALWKNMLKGIGKLAGKAALGAVKKLVGAES,30,1,success,../data/training_dataset/structures/AMP/AMP_187.pdb,0.4,2026-01-15T18:03:10.060238
AMP_188,188,ALWKTIIKGAGKMIGSLAKNLLGSQAQPES,30,1,success,../data/training_dataset/structures/AMP/AMP_188.pdb,0.4,2026-01-15T18:03:10.460705
AMP_189,189,CSTNTFSLSDYWGNNGAWCTLTHECMAWCK,30,1,success,../data/training_dataset/structures/AMP/AMP_189.pdb,0.4,2026-01-15T18:03:10.862014
AMP_190,190,FNRGGYNFGKSVRHVVDAIGSVAGILKSIR,30,1,success,../data/training_dataset/structures/AMP/AMP_190.pdb,0.4,2026-01-15T18:03:11.264444
AMP_191,191,GIRCPKSWKCKAFKQRVLKRLLAMLRQHAF,30,1,success,../data/training_dataset/structures/AMP/AMP_191.pdb,0.4,2026-01-15T18:03:11.665318
AMP_192,192,GNAACVIGCIGSCVISEGIGSLVGTAFTLG,30,1,success,../data/training_dataset/structures/AMP/AMP_192.pdb,0.4,2026-01-15T18:03:12.067373
AMP_193,193,GWFKKAWRKVKNAGRRVLKGVGIHYGVGLI,30,1,success,../data/training_dataset/structures/AMP/AMP_193.pdb,0.41,2026-01-15T18:03:12.479386
AMP_194,194,GWKDWAKKAGGWLKKKGPGMAKAALKAAMQ,30,1,success,../data/training_dataset/structures/AMP/AMP_194.pdb,0.4,2026-01-15T18:03:12.883975
AMP_195,195,ILQKAVLDCLKAAGSSLSKAAITAIYNKIT,30,1,success,../data/training_dataset/structures/AMP/AMP_195.pdb,0.4,2026-01-15T18:03:13.284722
AMP_196,196,KFFRKLKKSVKKRAKEFFKKPRVIGVSIPF,30,1,success,../data/training_dataset/structures/AMP/AMP_196.pdb,0.4,2026-01-15T18:03:13.687140
AMP_197,197,KSKEKIGKEFKRIVQRIKDFLRNLVPRTES,30,1,success,../data/training_dataset/structures/AMP/AMP_197.pdb,0.4,2026-01-15T18:03:14.091413
AMP_198,198,GWFGKAFRSVSNFYKKHKTYIHAGLSAATLL,31,1,success,../data/training_dataset/structures/AMP/AMP_198.pdb,0.4,2026-01-15T18:03:14.497146
AMP_199,199,RKSKEKIGKEFKRIVQRIKDFLRNLVPRTES,31,1,success,../data/training_dataset/structures/AMP/AMP_199.pdb,0.4,2026-01-15T18:03:14.902303
AMP_200,200,SWLSKTAKKLENSAKKRISEGIAIAIQGGPR,31,1,success,../data/training_dataset/structures/AMP/AMP_200.pdb,0.42,2026-01-15T18:03:15.329115
AMP_201,201,GILSSFKGVAKGVAKDLAGKLLETLKCKITGC,32,1,success,../data/training_dataset/structures/AMP/AMP_201.pdb,0.4,2026-01-15T18:03:15.735785
AMP_202,202,GILSSFKGVAKGVAKNLAGKLLDELKCKITGC,32,1,success,../data/training_dataset/structures/AMP/AMP_202.pdb,0.4,2026-01-15T18:03:16.138439
AMP_203,203,GLGGAKKNFIIAANKTAPQSVKKTFSCKLYNG,32,1,success,../data/training_dataset/structures/AMP/AMP_203.pdb,0.4,2026-01-15T18:03:16.538647
AMP_204,204,GMWSKIKNAGKAAKAAAKAAGKAALGAVSEAM,32,1,success,../data/training_dataset/structures/AMP/AMP_204.pdb,0.4,2026-01-15T18:03:16.938024
AMP_205,205,GWLRKAAKSVGKFYYKHKYYIKAAWKIGRHAL,32,1,success,../data/training_dataset/structures/AMP/AMP_205.pdb,0.4,2026-01-15T18:03:17.339732
AMP_206,206,GWLRKAAKSVGKFYYKHKYYIKAAWQIGKHAL,32,1,success,../data/training_dataset/structures/AMP/AMP_206.pdb,0.4,2026-01-15T18:03:17.741916
AMP_207,207,GFFALIPKIISSPLFKTLLSAVGSALSSSGEQE,33,1,success,../data/training_dataset/structures/AMP/AMP_207.pdb,0.4,2026-01-15T18:03:18.146458
AMP_208,208,GFFALIPKIISSPLFKTLLSAVGSALSSSGGQE,33,1,success,../data/training_dataset/structures/AMP/AMP_208.pdb,0.4,2026-01-15T18:03:18.546509
AMP_209,209,GLFGRLRDSLQRGGQKILEKAERIWCKIKDIFR,33,1,success,../data/training_dataset/structures/AMP/AMP_209.pdb,0.4,2026-01-15T18:03:18.949900
AMP_210,210,GLWSKIKAAGKEAAKAAAKAAGKAALNAVSEAV,33,1,success,../data/training_dataset/structures/AMP/AMP_210.pdb,0.4,2026-01-15T18:03:19.349754
AMP_211,211,GLWSKIKEVGKEAAKAAAKAAGKAALGAVSEAV,33,1,success,../data/training_dataset/structures/AMP/AMP_211.pdb,0.4,2026-01-15T18:03:19.750407
AMP_212,212,GVLGAVKDLLIGAGKSAAQSVLKTLSCKLSNDC,33,1,success,../data/training_dataset/structures/AMP/AMP_212.pdb,0.4,2026-01-15T18:03:20.150656
AMP_213,213,QAFQTFKPDWNKIRYDAMKMQTSLGQMKKRFNL,33,1,success,../data/training_dataset/structures/AMP/AMP_213.pdb,0.4,2026-01-15T18:03:20.552987
AMP_214,214,RSGRGECRRQCLRRHEGQPWETQECMRRCRRRG,33,1,success,../data/training_dataset/structures/AMP/AMP_214.pdb,0.41,2026-01-15T18:03:20.970897
AMP_215,215,SLGSFLKGVGTTLASVGKVVSDQFGKLLQAGQG,33,1,success,../data/training_dataset/structures/AMP/AMP_215.pdb,0.42,2026-01-15T18:03:21.393122
AMP_216,216,TITLSTCAILSKPLGNNGYLCTVTKECMPSSCN,33,1,success,../data/training_dataset/structures/AMP/AMP_216.pdb,0.4,2026-01-15T18:03:21.794896
AMP_217,217,ALWFTMLKKLGTMALHAGKAALGAAANTISQGTQ,34,1,success,../data/training_dataset/structures/AMP/AMP_217.pdb,0.47,2026-01-15T18:03:22.264596
AMP_218,218,ALWKTMLKKLGTMALHAGKAALGAAADTISQGTQ,34,1,success,../data/training_dataset/structures/AMP/AMP_218.pdb,0.4,2026-01-15T18:03:22.671230
AMP_219,219,GETFDKLKEKLKTFYQKLVEKAEDLKGDLKAKLS,34,1,success,../data/training_dataset/structures/AMP/AMP_219.pdb,0.39,2026-01-15T18:03:23.069183
AMP_220,220,GFKLKGMARISCLPNGQWSNFPPKCIRECAMVSS,34,1,success,../data/training_dataset/structures/AMP/AMP_220.pdb,0.39,2026-01-15T18:03:23.466992
AMP_221,221,GFWKKVGSAAWGGVKAAAKGAAVGGLNALAKHIQ,34,1,success,../data/training_dataset/structures/AMP/AMP_221.pdb,0.4,2026-01-15T18:03:23.867991
AMP_222,222,GLLRKGGEKIGEKLKKIGQKIKNFFQKLVPQPEQ,34,1,success,../data/training_dataset/structures/AMP/AMP_222.pdb,0.41,2026-01-15T18:03:24.279832
AMP_223,223,GLVRKGGEKFGEKLRKIGQKIKEFFQKLALEIEQ,34,1,success,../data/training_dataset/structures/AMP/AMP_223.pdb,0.4,2026-01-15T18:03:24.687769
AMP_224,224,KRFKKFFKKLKKSVKKRAKKFFKKPRVIGVSIPF,34,1,success,../data/training_dataset/structures/AMP/AMP_224.pdb,0.4,2026-01-15T18:03:25.088918
AMP_225,225,KRFKKFFKKLKNSVKKRAKKFFKKPKVIGVTFPF,34,1,success,../data/training_dataset/structures/AMP/AMP_225.pdb,0.41,2026-01-15T18:03:25.498987
AMP_226,226,KRFKKFFKKLKNSVKKRAKKFFKKPRVIGVSIPF,34,1,success,../data/training_dataset/structures/AMP/AMP_226.pdb,0.4,2026-01-15T18:03:25.899573
AMP_227,227,GFGALFKFLAKKVAKTVAKQAAKQGAKYVVNKQME,35,1,success,../data/training_dataset/structures/AMP/AMP_227.pdb,0.4,2026-01-15T18:03:26.301001
AMP_228,228,NKGCATCSIGAACLVDGPIPDFEIAGATGLFGLWG,35,1,success,../data/training_dataset/structures/AMP/AMP_228.pdb,0.39,2026-01-15T18:03:26.699695
AMP_229,229,YPSKPDNPGEDAPAEDMARYYSALRHYINLITRQRY,36,1,success,../data/training_dataset/structures/AMP/AMP_229.pdb,0.4,2026-01-15T18:03:27.101657
AMP_230,230,ACDTATCVTHRLAGLLSRSGGVVKNNFVPTNVGSKAF,37,1,success,../data/training_dataset/structures/AMP/AMP_230.pdb,0.4,2026-01-15T18:03:27.503428
AMP_231,231,GFFKKAWRKVKHAGRRVLDTAKGVGRHYVNNWLNRYR,37,1,success,../data/training_dataset/structures/AMP/AMP_231.pdb,0.4,2026-01-15T18:03:27.903113
AMP_232,232,GILDTLKQFAKGVGKDLVKGAAQGVLSTVSCKLAKTC,37,1,success,../data/training_dataset/structures/AMP/AMP_232.pdb,0.4,2026-01-15T18:03:28.304522
AMP_233,233,GKFSGFAKILKSIAKFFKGVGKVRKGFKEASDLDKNQ,37,1,success,../data/training_dataset/structures/AMP/AMP_233.pdb,0.42,2026-01-15T18:03:28.729028
AMP_234,234,GKFSVFGKILRSIAKVFKGVGKVRKQFKTASDLDKNQ,37,1,success,../data/training_dataset/structures/AMP/AMP_234.pdb,0.39,2026-01-15T18:03:29.127908
AMP_235,235,GKFSVFSKILRSIAKVFKGVGKVRKGFKTASDLDKNQ,37,1,success,../data/training_dataset/structures/AMP/AMP_235.pdb,0.4,2026-01-15T18:03:29.528146
AMP_236,236,GKLSGISKVLRAIAKFFKGVGKARKQFKEASDLDKNQ,37,1,success,../data/training_dataset/structures/AMP/AMP_236.pdb,0.39,2026-01-15T18:03:29.926703
AMP_237,237,GLLSRLRDFLSDRGRRLGEKIERIGQKIKDLSEFFQS,37,1,success,../data/training_dataset/structures/AMP/AMP_237.pdb,0.4,2026-01-15T18:03:30.327368
AMP_238,238,GLRKRLRKFRNKIKEKLKKIGQKIQGFVPKLAPRTDY,37,1,success,../data/training_dataset/structures/AMP/AMP_238.pdb,0.4,2026-01-15T18:03:30.730821
AMP_239,239,KCNTATCATQRLANFLVHSSNNFGAILSSTNVGSNTY,37,1,success,../data/training_dataset/structures/AMP/AMP_239.pdb,0.4,2026-01-15T18:03:31.138086
AMP_240,240,KWKLFKKIEKVGQNIRDGIIKAGPAVAVVGQATQIAK,37,1,success,../data/training_dataset/structures/AMP/AMP_240.pdb,0.4,2026-01-15T18:03:31.538825
AMP_241,241,LLGDFFRKAREKIGEEFKRIVQRIKDFLRNLVPRTES,37,1,success,../data/training_dataset/structures/AMP/AMP_241.pdb,0.4,2026-01-15T18:03:31.939677
AMP_242,242,LLGDFFRKSKEKIGKEFKRIVQRIKDFLRNLVPRTES,37,1,success,../data/training_dataset/structures/AMP/AMP_242.pdb,0.4,2026-01-15T18:03:32.342115
AMP_243,243,QLGELIQQGGQKIVEKIQKIGQRIRDFFSNLRPRQEA,37,1,success,../data/training_dataset/structures/AMP/AMP_243.pdb,0.4,2026-01-15T18:03:32.746238
AMP_244,244,RLGDILQKAREKIEGGLKKLVQKIKDFFGKFAPRTES,37,1,success,../data/training_dataset/structures/AMP/AMP_244.pdb,0.4,2026-01-15T18:03:33.147478
AMP_245,245,RLGNFFRKAKKKIGRGLKKIGQKIKDFLGNLVPRTES,37,1,success,../data/training_dataset/structures/AMP/AMP_245.pdb,0.4,2026-01-15T18:03:33.548953
AMP_246,246,RLGNFFRKVKEKIGGGLKKVGQKIKDFLGNLVPRTAS,37,1,success,../data/training_dataset/structures/AMP/AMP_246.pdb,0.4,2026-01-15T18:03:33.949907
AMP_247,247,RWKIFKKIEKVGRNVRDGIIKAGPAVAVVGQAATVVK,37,1,success,../data/training_dataset/structures/AMP/AMP_247.pdb,0.44,2026-01-15T18:03:34.392434
AMP_248,248,SLGNFFRKARKKIGEEFKRIVQRIKDFLQHLIPRTEA,37,1,success,../data/training_dataset/structures/AMP/AMP_248.pdb,0.48,2026-01-15T18:03:34.872651
AMP_249,249,VGRFRRLRKKTRKRLKKIGKVLKWIPPIVGSIPLGCG,37,1,success,../data/training_dataset/structures/AMP/AMP_249.pdb,0.39,2026-01-15T18:03:35.271337
AMP_250,250,ALLGDFFRKSKEKIGKEFKRIVQRIKDFLRNLVPRTES,38,1,success,../data/training_dataset/structures/AMP/AMP_250.pdb,0.4,2026-01-15T18:03:35.673041
AMP_251,251,KWKIFKKIEHMGQNIRDGLIKAGPAVQVVGQAATIYKG,38,1,success,../data/training_dataset/structures/AMP/AMP_251.pdb,0.4,2026-01-15T18:03:36.072231
AMP_252,252,RLKELITTGGQKIGEKIRRIGQRIKDFFKNLQPREEKS,38,1,success,../data/training_dataset/structures/AMP/AMP_252.pdb,0.39,2026-01-15T18:03:36.469068
AMP_253,253,GSCSCSGTISPYGLRTCRATKTKPSHPTTKETHPQTLPT,39,1,success,../data/training_dataset/structures/AMP/AMP_253.pdb,0.41,2026-01-15T18:03:36.884187
AMP_254,254,GTWDDIGQGIGRVAYWVGKALGNLSDVNQASRINRKKKH,39,1,success,../data/training_dataset/structures/AMP/AMP_254.pdb,0.4,2026-01-15T18:03:37.292687
AMP_255,255,GWLKKIGKKIERVGQHTRDATIQGLGIAQQAANVAATAR,39,1,success,../data/training_dataset/structures/AMP/AMP_255.pdb,0.4,2026-01-15T18:03:37.692728
AMP_256,256,GWLKKIGKKIERVGQHTRDATIQTIGVAQQAANVAATLK,39,1,success,../data/training_dataset/structures/AMP/AMP_256.pdb,0.4,2026-01-15T18:03:38.093928
AMP_257,257,KPFKKLEKVGRNIRDGIIKAGPAVAVIGQATSIARPTGK,39,1,success,../data/training_dataset/structures/AMP/AMP_257.pdb,0.4,2026-01-15T18:03:38.494670
AMP_258,258,DAEFRHDSGYEVHHQKLVFFAEDVGSNKGAIIGLMVGGVV,40,1,success,../data/training_dataset/structures/AMP/AMP_258.pdb,0.4,2026-01-15T18:03:38.896749
AMP_259,259,KRFHSVGSLIQRHQQMIRDKSEATRHGIRIITRPKLLLAS,40,1,success,../data/training_dataset/structures/AMP/AMP_259.pdb,0.4,2026-01-15T18:03:39.296277
AMP_260,260,AKIPIKAIKTVGKAVGKGLRAINIASTANDVFNFLKPKKRKA,42,1,success,../data/training_dataset/structures/AMP/AMP_260.pdb,0.4,2026-01-15T18:03:39.700287
AMP_261,261,DAEFRHDSGYEVHHQKLVFFAEDVGSNKGAIIGLMVGGVVIA,42,1,success,../data/training_dataset/structures/AMP/AMP_261.pdb,0.4,2026-01-15T18:03:40.099796
AMP_262,262,GKIPVKAIKKAGAAIGKGLRAINIASTAHDVYSFFKPKHKKK,42,1,success,../data/training_dataset/structures/AMP/AMP_262.pdb,0.39,2026-01-15T18:03:40.497429
AMP_263,263,GKIPVKAIKQAGKVIGKGLRAINIAGTTHDVVSFFRPKKKKH,42,1,success,../data/training_dataset/structures/AMP/AMP_263.pdb,0.4,2026-01-15T18:03:40.902654
AMP_264,264,GKWGWIYITILFADVGGFKSSRHPEERRVQERRFKRITRGPD,42,1,success,../data/training_dataset/structures/AMP/AMP_264.pdb,0.48,2026-01-15T18:03:41.384314
AMP_265,265,RGFRKHFNKLVKKVKHTISETAHVAKDTAVIAGSGAAVVAAT,42,1,success,../data/training_dataset/structures/AMP/AMP_265.pdb,0.39,2026-01-15T18:03:41.783004
AMP_266,266,GLRKKFRKTRKRIQKLGRKIGKTGRKVWKAWREYGQIPYPCRI,43,1,success,../data/training_dataset/structures/AMP/AMP_266.pdb,0.4,2026-01-15T18:03:42.184079
AMP_267,267,KPAWCWYTLAMCGAGYDSGTCDYMYSHCFGIKHHSSGSSSYHC,43,1,success,../data/training_dataset/structures/AMP/AMP_267.pdb,0.4,2026-01-15T18:03:42.584375
AMP_268,268,MGAIAKLVAKFGWPFIKKFYKQIMQFIGQGWTIDQIEKWLKRH,43,1,success,../data/training_dataset/structures/AMP/AMP_268.pdb,0.4,2026-01-15T18:03:42.985345
AMP_269,269,FFRHLFRGAKAIFRGARQGWRAHKVVSRYRNRDVPETDNNQEEP,44,1,success,../data/training_dataset/structures/AMP/AMP_269.pdb,0.4,2026-01-15T18:03:43.389189
AMP_270,270,GKVWDWIKSAAKKIWSSEPVSQLKGQVLNAAKNYVAEKIGATPT,44,1,success,../data/training_dataset/structures/AMP/AMP_270.pdb,0.4,2026-01-15T18:03:43.789801
AMP_271,271,GKVWDWIKSTAKKLWNSEPVKELKNTALNAAKNFVAEKIGATPS,44,1,success,../data/training_dataset/structures/AMP/AMP_271.pdb,0.4,2026-01-15T18:03:44.190766
AMP_272,272,GKVWDWIKSTAKKLWNSEPVKELKNTALNAAKNLVAEKIGATPS,44,1,success,../data/training_dataset/structures/AMP/AMP_272.pdb,0.4,2026-01-15T18:03:44.591546
AMP_273,273,GIFSKLAGKKIKNLISGLKNIGKEVGMDVVRTGIDIAGCKIKGEC,45,1,success,../data/training_dataset/structures/AMP/AMP_273.pdb,0.42,2026-01-15T18:03:45.016435
AMP_274,274,HSSGYTRPLRKPSRPIFIRPIGCDVCYGIPSSTARLCCFRYGDCCHL,47,1,success,../data/training_dataset/structures/AMP/AMP_274.pdb,0.4,2026-01-15T18:03:45.420640
AMP_275,275,SDEKASPDKHHRFSLSRYAKLANRLANPKLLETFLSKWIGDRGNRSV,47,1,success,../data/training_dataset/structures/AMP/AMP_275.pdb,0.46,2026-01-15T18:03:45.884418
AMP_276,276,SSLLEKGLDGAKKAVGGLGKLGKDAVEDLESVGKGAVHDVKDVLDSV,47,1,success,../data/training_dataset/structures/AMP/AMP_276.pdb,0.39,2026-01-15T18:03:46.281379
AMP_277,277,FRGLAKLLKIGLKSFARVLKKVLPKAAKAGKALAKSMADENAIRQQNQ,48,1,success,../data/training_dataset/structures/AMP/AMP_277.pdb,0.4,2026-01-15T18:03:46.681695
AMP_278,278,VNYGNGVSCSKTKCSVNWGQAFQERYTAGINSFVSGVASGAGSIGRRP,48,1,success,../data/training_dataset/structures/AMP/AMP_278.pdb,0.39,2026-01-15T18:03:47.078902
AMP_279,279,GRRRRSVQWCAVSQPEATKCFQWQRNMRKVRGPPVSCIKRDSPIQCIQA,49,1,success,../data/training_dataset/structures/AMP/AMP_279.pdb,0.4,2026-01-15T18:03:47.482417
AMP_280,280,YRQSMNNFQGLRSFGCRFGTCTVQKLAHQIYQFTDKDKDNVAPRSKISPQGY,52,1,success,../data/training_dataset/structures/AMP/AMP_280.pdb,0.4,2026-01-15T18:03:47.882362
AMP_281,281,FSFKRLKGFAKKLWNSKLARKIRTKGLKYVKNFAKDMLSEGEEAPPAAEPPVEAPQ,56,1,success,../data/training_dataset/structures/AMP/AMP_281.pdb,0.4,2026-01-15T18:03:48.287382
AMP_282,282,GLGSVFGRLARILGRVIPKVAKKLGPKVAKVLPKVMKEAIPMAVEMAKSQEEQQPQ,56,1,success,../data/training_dataset/structures/AMP/AMP_282.pdb,0.39,2026-01-15T18:03:48.685860
AMP_283,283,IYWIADQFGIHLATGTARKLLDAMASGASLGTAFAAILGVTLPAWALAAAGALGATAA,58,1,success,../data/training_dataset/structures/AMP/AMP_283.pdb,0.4,2026-01-15T18:03:49.088038
AMP_284,284,GKCSVLKKVACAAAIAGAVAACGGIDLPCVLAALKAAEGCASCFCEDHCHGVCKDLHLC,59,1,success,../data/training_dataset/structures/AMP/AMP_284.pdb,0.4,2026-01-15T18:03:49.491434
AMP_285,285,GIWSSIKNLASKAWNSDIGQSLRNKAAGAINKFVADKIGVTPSQAASMTLDEIVDAMYYD,60,1,success,../data/training_dataset/structures/AMP/AMP_285.pdb,0.41,2026-01-15T18:03:49.901118
AMP_286,286,LVAYGIAQGTAEKVVSLINAGLTVGSIISILGGVTVGLSGVFTAVKAAIAKQGIKKAIQL,60,1,success,../data/training_dataset/structures/AMP/AMP_286.pdb,0.4,2026-01-15T18:03:50.302998
DECOY_1,1,YSTSIFEKAG,10,-1,success,../data/training_dataset/structures/DECOY/DECOY_1.pdb,0.41,2026-01-15T18:03:50.713478
DECOY_2,2,HEGLNVALAR,10,-1,success,../data/training_dataset/structures/DECOY/DECOY_2.pdb,0.39,2026-01-15T18:03:51.109217
DECOY_3,3,LEARGPHEIL,10,-1,success,../data/training_dataset/structures/DECOY/DECOY_3.pdb,0.46,2026-01-15T18:03:51.572478
DECOY_4,4,GLYALAGLYG,10,-1,success,../data/training_dataset/structures/DECOY/DECOY_4.pdb,0.39,2026-01-15T18:03:51.963217
DECOY_5,5,TRPILEVALA,10,-1,success,../data/training_dataset/structures/DECOY/DECOY_5.pdb,0.4,2026-01-15T18:03:52.363227
DECOY_6,6,TDEEIKEAAK,10,-1,success,../data/training_dataset/structures/DECOY/DECOY_6.pdb,0.4,2026-01-15T18:03:52.764673
DECOY_7,7,MIKRYLQFVK,10,-1,success,../data/training_dataset/structures/DECOY/DECOY_7.pdb,0.39,2026-01-15T18:03:53.156067
DECOY_8,8,GLYALASERL,10,-1,success,../data/training_dataset/structures/DECOY/DECOY_8.pdb,0.4,2026-01-15T18:03:53.557458
DECOY_9,9,IPVQLSWHKA,10,-1,success,../data/training_dataset/structures/DECOY/DECOY_9.pdb,0.45,2026-01-15T18:03:54.006955
DECOY_10,10,TVALVALGLY,10,-1,success,../data/training_dataset/structures/DECOY/DECOY_10.pdb,0.39,2026-01-15T18:03:54.405441
DECOY_11,11,GGIPYLWRLS,10,-1,success,../data/training_dataset/structures/DECOY/DECOY_11.pdb,0.44,2026-01-15T18:03:54.846423
DECOY_12,12,LVALASPASN,10,-1,success,../data/training_dataset/structures/DECOY/DECOY_12.pdb,0.39,2026-01-15T18:03:55.237422
DECOY_13,13,DTSKNIKEES,10,-1,success,../data/training_dataset/structures/DECOY/DECOY_13.pdb,0.39,2026-01-15T18:03:55.635043
DECOY_14,14,LYALAALAAL,10,-1,success,../data/training_dataset/structures/DECOY/DECOY_14.pdb,0.47,2026-01-15T18:03:56.108597
DECOY_15,15,RGALAALALE,10,-1,success,../data/training_dataset/structures/DECOY/DECOY_15.pdb,0.39,2026-01-15T18:03:56.498837
DECOY_16,16,LGPKGHEFVFN,11,-1,success,../data/training_dataset/structures/DECOY/DECOY_16.pdb,0.39,2026-01-15T18:03:56.893205
DECOY_17,17,RPHEPHEALAS,11,-1,success,../data/training_dataset/structures/DECOY/DECOY_17.pdb,0.47,2026-01-15T18:03:57.363484
DECOY_18,18,STTIEFVTQRN,11,-1,success,../data/training_dataset/structures/DECOY/DECOY_18.pdb,0.39,2026-01-15T18:03:57.753072
DECOY_19,19,IIAPVMILLVG,11,-1,success,../data/training_dataset/structures/DECOY/DECOY_19.pdb,0.39,2026-01-15T18:03:58.145417
DECOY_20,20,VALPHEVALLE,11,-1,success,../data/training_dataset/structures/DECOY/DECOY_20.pdb,0.38,2026-01-15T18:03:58.534551
DECOY_21,21,ALVALILEGLY,11,-1,success,../data/training_dataset/structures/DECOY/DECOY_21.pdb,0.39,2026-01-15T18:03:58.927201
DECOY_22,22,QALHLEEQEGF,11,-1,success,../data/training_dataset/structures/DECOY/DECOY_22.pdb,0.39,2026-01-15T18:03:59.320915
DECOY_23,23,KHTAWRAAVYD,11,-1,success,../data/training_dataset/structures/DECOY/DECOY_23.pdb,0.39,2026-01-15T18:03:59.710833
DECOY_24,24,HLEIVEVLLKN,11,-1,success,../data/training_dataset/structures/DECOY/DECOY_24.pdb,0.39,2026-01-15T18:04:00.102556
DECOY_25,25,NLAVSIGLSSI,11,-1,success,../data/training_dataset/structures/DECOY/DECOY_25.pdb,0.39,2026-01-15T18:04:00.498217
DECOY_26,26,TGATVLVTANA,11,-1,success,../data/training_dataset/structures/DECOY/DECOY_26.pdb,0.39,2026-01-15T18:04:00.890437
DECOY_27,27,EKAARYGMTVA,11,-1,success,../data/training_dataset/structures/DECOY/DECOY_27.pdb,0.47,2026-01-15T18:04:01.366349
DECOY_28,28,DHILYTVYSTV,11,-1,success,../data/training_dataset/structures/DECOY/DECOY_28.pdb,0.47,2026-01-15T18:04:01.845456
DECOY_29,29,SFKEKLYFALE,11,-1,success,../data/training_dataset/structures/DECOY/DECOY_29.pdb,0.38,2026-01-15T18:04:02.232915
DECOY_30,30,ILIGTLTNSLV,11,-1,success,../data/training_dataset/structures/DECOY/DECOY_30.pdb,0.39,2026-01-15T18:04:02.624077
DECOY_31,31,ALGFLPGYYFT,11,-1,success,../data/training_dataset/structures/DECOY/DECOY_31.pdb,0.4,2026-01-15T18:04:03.030527
DECOY_32,32,NDILVKYRHMS,11,-1,success,../data/training_dataset/structures/DECOY/DECOY_32.pdb,0.38,2026-01-15T18:04:03.418901
DECOY_33,33,IIASPVILYQF,11,-1,success,../data/training_dataset/structures/DECOY/DECOY_33.pdb,0.38,2026-01-15T18:04:03.806961
DECOY_34,34,GLYALASERLE,11,-1,success,../data/training_dataset/structures/DECOY/DECOY_34.pdb,0.46,2026-01-15T18:04:04.273599
DECOY_35,35,GLYTYRPHEVA,11,-1,success,../data/training_dataset/structures/DECOY/DECOY_35.pdb,0.39,2026-01-15T18:04:04.666282
DECOY_36,36,RDDEVRILMAN,11,-1,success,../data/training_dataset/structures/DECOY/DECOY_36.pdb,0.39,2026-01-15T18:04:05.062567
DECOY_37,37,LYSGLYALASE,11,-1,success,../data/training_dataset/structures/DECOY/DECOY_37.pdb,0.48,2026-01-15T18:04:05.549916
DECOY_38,38,GPGSMALIERIG,12,-1,success,../data/training_dataset/structures/DECOY/DECOY_38.pdb,0.4,2026-01-15T18:04:05.953687
DECOY_39,39,RGTRPGLYLYSP,12,-1,success,../data/training_dataset/structures/DECOY/DECOY_39.pdb,0.38,2026-01-15T18:04:06.340969
DECOY_40,40,YTHRVALVALSE,12,-1,success,../data/training_dataset/structures/DECOY/DECOY_40.pdb,0.39,2026-01-15T18:04:06.730378
DECOY_41,41,LYSARGALAALA,12,-1,success,../data/training_dataset/structures/DECOY/DECOY_41.pdb,0.4,2026-01-15T18:04:07.138955
DECOY_42,42,TYRTYRILELYS,12,-1,success,../data/training_dataset/structures/DECOY/DECOY_42.pdb,0.38,2026-01-15T18:04:07.526135
DECOY_43,43,GLYARGALATYR,12,-1,success,../data/training_dataset/structures/DECOY/DECOY_43.pdb,0.38,2026-01-15T18:04:07.913464
DECOY_44,44,GVANAVAIAKAG,12,-1,success,../data/training_dataset/structures/DECOY/DECOY_44.pdb,0.39,2026-01-15T18:04:08.303638
DECOY_45,45,ARGASPTRPLYS,12,-1,success,../data/training_dataset/structures/DECOY/DECOY_45.pdb,0.38,2026-01-15T18:04:08.690975
DECOY_46,46,EVMGSIQLCRDA,12,-1,success,../data/training_dataset/structures/DECOY/DECOY_46.pdb,0.38,2026-01-15T18:04:09.079064
DECOY_47,47,THRSERLYSTYR,12,-1,success,../data/training_dataset/structures/DECOY/DECOY_47.pdb,0.38,2026-01-15T18:04:09.467677
DECOY_48,48,HRILEILEILEA,12,-1,success,../data/training_dataset/structures/DECOY/DECOY_48.pdb,0.39,2026-01-15T18:04:09.857036
DECOY_49,49,FEFLEKASKLRG,12,-1,success,../data/training_dataset/structures/DECOY/DECOY_49.pdb,0.38,2026-01-15T18:04:10.245578
DECOY_50,50,AFEMPIVLYVLQ,12,-1,success,../data/training_dataset/structures/DECOY/DECOY_50.pdb,0.39,2026-01-15T18:04:10.636376
DECOY_51,51,LATYRALASERI,12,-1,success,../data/training_dataset/structures/DECOY/DECOY_51.pdb,0.42,2026-01-15T18:04:11.056978
DECOY_52,52,ERARGASPPHEG,12,-1,success,../data/training_dataset/structures/DECOY/DECOY_52.pdb,0.39,2026-01-15T18:04:11.448656
DECOY_53,53,YFPLDVFKFAIR,12,-1,success,../data/training_dataset/structures/DECOY/DECOY_53.pdb,0.38,2026-01-15T18:04:11.835373
DECOY_54,54,LEDDWNFLESFY,12,-1,success,../data/training_dataset/structures/DECOY/DECOY_54.pdb,0.39,2026-01-15T18:04:12.226293
DECOY_55,55,GTRPGLYLYSPH,12,-1,success,../data/training_dataset/structures/DECOY/DECOY_55.pdb,0.39,2026-01-15T18:04:12.624512
DECOY_56,56,VLPFSAIFEILG,12,-1,success,../data/training_dataset/structures/DECOY/DECOY_56.pdb,0.4,2026-01-15T18:04:13.026252
DECOY_57,57,HSVYMSGLWLFS,12,-1,success,../data/training_dataset/structures/DECOY/DECOY_57.pdb,0.38,2026-01-15T18:04:13.416022
DECOY_58,58,YGENIGVMAITR,12,-1,success,../data/training_dataset/structures/DECOY/DECOY_58.pdb,0.39,2026-01-15T18:04:13.814720
DECOY_59,59,SRLGFILAAMGS,12,-1,success,../data/training_dataset/structures/DECOY/DECOY_59.pdb,0.4,2026-01-15T18:04:14.213903
DECOY_60,60,SNLYSGLNPHEA,12,-1,success,../data/training_dataset/structures/DECOY/DECOY_60.pdb,0.39,2026-01-15T18:04:14.607191
DECOY_61,61,TFRSSIRRLSTR,12,-1,success,../data/training_dataset/structures/DECOY/DECOY_61.pdb,0.38,2026-01-15T18:04:14.995164
DECOY_62,62,YVGRAIRLCHMA,12,-1,success,../data/training_dataset/structures/DECOY/DECOY_62.pdb,0.39,2026-01-15T18:04:15.386804
DECOY_63,63,GFNSSLACIAIG,12,-1,success,../data/training_dataset/structures/DECOY/DECOY_63.pdb,0.38,2026-01-15T18:04:15.775513
DECOY_64,64,GMAFGLQMFIQR,12,-1,success,../data/training_dataset/structures/DECOY/DECOY_64.pdb,0.39,2026-01-15T18:04:16.167707
DECOY_65,65,LETYRGLYVALI,12,-1,success,../data/training_dataset/structures/DECOY/DECOY_65.pdb,0.4,2026-01-15T18:04:16.569205
DECOY_66,66,GGLGFMTFAVLI,12,-1,success,../data/training_dataset/structures/DECOY/DECOY_66.pdb,0.4,2026-01-15T18:04:16.971144
DECOY_67,67,PPHELYSASNAL,12,-1,success,../data/training_dataset/structures/DECOY/DECOY_67.pdb,0.4,2026-01-15T18:04:17.371365
DECOY_68,68,LYGLYARGARGTR,13,-1,success,../data/training_dataset/structures/DECOY/DECOY_68.pdb,0.39,2026-01-15T18:04:17.761607
DECOY_69,69,PALTAPFVLATWL,13,-1,success,../data/training_dataset/structures/DECOY/DECOY_69.pdb,0.47,2026-01-15T18:04:18.237548
DECOY_70,70,GLSRVDDAVAAKH,13,-1,success,../data/training_dataset/structures/DECOY/DECOY_70.pdb,0.47,2026-01-15T18:04:18.714010
DECOY_71,71,LEVALVALTHRGL,13,-1,success,../data/training_dataset/structures/DECOY/DECOY_71.pdb,0.4,2026-01-15T18:04:19.119709
DECOY_72,72,LISSVLKVEGVGA,13,-1,success,../data/training_dataset/structures/DECOY/DECOY_72.pdb,0.39,2026-01-15T18:04:19.517268
DECOY_73,73,ALAILEALAALAA,13,-1,success,../data/training_dataset/structures/DECOY/DECOY_73.pdb,0.47,2026-01-15T18:04:19.992310
DECOY_74,74,NFLMGGVSAAIAK,13,-1,success,../data/training_dataset/structures/DECOY/DECOY_74.pdb,0.39,2026-01-15T18:04:20.384432
DECOY_75,75,RTYRPHEPHEASN,13,-1,success,../data/training_dataset/structures/DECOY/DECOY_75.pdb,0.47,2026-01-15T18:04:20.855146
DECOY_76,76,GLNIFDSVDFIAS,13,-1,success,../data/training_dataset/structures/DECOY/DECOY_76.pdb,0.39,2026-01-15T18:04:21.252289
DECOY_77,77,CYSARGMETALAI,13,-1,success,../data/training_dataset/structures/DECOY/DECOY_77.pdb,0.47,2026-01-15T18:04:21.727099
DECOY_78,78,YVALSERALAILE,13,-1,success,../data/training_dataset/structures/DECOY/DECOY_78.pdb,0.39,2026-01-15T18:04:22.119638
DECOY_79,79,LFTAGMLSGVFTT,13,-1,success,../data/training_dataset/structures/DECOY/DECOY_79.pdb,0.39,2026-01-15T18:04:22.512957
DECOY_80,80,PDIPLLLLLGLIIG,14,-1,success,../data/training_dataset/structures/DECOY/DECOY_80.pdb,0.39,2026-01-15T18:04:22.909377
DECOY_81,81,NLIPVTIGNIIGGG,14,-1,success,../data/training_dataset/structures/DECOY/DECOY_81.pdb,0.39,2026-01-15T18:04:23.308497
DECOY_82,82,LPVFLVLTPFGMMT,14,-1,success,../data/training_dataset/structures/DECOY/DECOY_82.pdb,0.39,2026-01-15T18:04:23.701126
DECOY_83,83,FPRFFASLAGFVTA,14,-1,success,../data/training_dataset/structures/DECOY/DECOY_83.pdb,0.4,2026-01-15T18:04:24.103197
DECOY_84,84,SPGLYTHRMETTHR,14,-1,success,../data/training_dataset/structures/DECOY/DECOY_84.pdb,0.38,2026-01-15T18:04:24.492457
DECOY_85,85,GTLAAFVGYLELLF,14,-1,success,../data/training_dataset/structures/DECOY/DECOY_85.pdb,0.39,2026-01-15T18:04:24.883306
DECOY_86,86,DTYASMMATIDRMG,14,-1,success,../data/training_dataset/structures/DECOY/DECOY_86.pdb,0.47,2026-01-15T18:04:25.357285
DECOY_87,87,LPWATYSFLSVAFA,14,-1,success,../data/training_dataset/structures/DECOY/DECOY_87.pdb,0.48,2026-01-15T18:04:25.842323
DECOY_88,88,NYPDALWWAIVTAT,14,-1,success,../data/training_dataset/structures/DECOY/DECOY_88.pdb,0.47,2026-01-15T18:04:26.317604
DECOY_89,89,LAPHEVALPHETYR,14,-1,success,../data/training_dataset/structures/DECOY/DECOY_89.pdb,0.47,2026-01-15T18:04:26.789893
DECOY_90,90,YGDVVPATPIGKVI,14,-1,success,../data/training_dataset/structures/DECOY/DECOY_90.pdb,0.46,2026-01-15T18:04:27.249915
DECOY_91,91,SNASNALAASNALA,14,-1,success,../data/training_dataset/structures/DECOY/DECOY_91.pdb,0.47,2026-01-15T18:04:27.724058
DECOY_92,92,SRDLRREVLRPLQC,14,-1,success,../data/training_dataset/structures/DECOY/DECOY_92.pdb,0.38,2026-01-15T18:04:28.112497
DECOY_93,93,NATFGNAVELIVSI,14,-1,success,../data/training_dataset/structures/DECOY/DECOY_93.pdb,0.39,2026-01-15T18:04:28.502010
DECOY_94,94,SGVFLLPANLASTG,14,-1,success,../data/training_dataset/structures/DECOY/DECOY_94.pdb,0.39,2026-01-15T18:04:28.895480
DECOY_95,95,RARGSERALAASPG,14,-1,success,../data/training_dataset/structures/DECOY/DECOY_95.pdb,0.4,2026-01-15T18:04:29.296576
DECOY_96,96,EGLYASPILETHRP,14,-1,success,../data/training_dataset/structures/DECOY/DECOY_96.pdb,0.41,2026-01-15T18:04:29.706829
DECOY_97,97,EDYWSRQRLQERIN,14,-1,success,../data/training_dataset/structures/DECOY/DECOY_97.pdb,0.38,2026-01-15T18:04:30.095049
DECOY_98,98,LNSLINPIIYTMSN,14,-1,success,../data/training_dataset/structures/DECOY/DECOY_98.pdb,0.46,2026-01-15T18:04:30.555582
DECOY_99,99,RGEVGLIVAALGLKA,15,-1,success,../data/training_dataset/structures/DECOY/DECOY_99.pdb,0.39,2026-01-15T18:04:30.947397
DECOY_100,100,APHEASPGLNGLYAL,15,-1,success,../data/training_dataset/structures/DECOY/DECOY_100.pdb,0.39,2026-01-15T18:04:31.336967
DECOY_101,101,GFEHSVANMTIYSVS,15,-1,success,../data/training_dataset/structures/DECOY/DECOY_101.pdb,0.38,2026-01-15T18:04:31.725892
DECOY_102,102,VFFGVAAFAHLLVWI,15,-1,success,../data/training_dataset/structures/DECOY/DECOY_102.pdb,0.38,2026-01-15T18:04:32.114302
DECOY_103,103,QPILIAVVLQLSQQL,15,-1,success,../data/training_dataset/structures/DECOY/DECOY_103.pdb,0.47,2026-01-15T18:04:32.587896
DECOY_104,104,MPEDKSRIVSELKDK,15,-1,success,../data/training_dataset/structures/DECOY/DECOY_104.pdb,0.39,2026-01-15T18:04:32.983504
DECOY_105,105,GELKKSIESLADRVG,15,-1,success,../data/training_dataset/structures/DECOY/DECOY_105.pdb,0.38,2026-01-15T18:04:33.372293
DECOY_106,106,GLNVAIPAMMFAHLT,15,-1,success,../data/training_dataset/structures/DECOY/DECOY_106.pdb,0.45,2026-01-15T18:04:33.829092
DECOY_107,107,KDDDDKHHHHHHHHH,15,-1,success,../data/training_dataset/structures/DECOY/DECOY_107.pdb,0.38,2026-01-15T18:04:34.218355
DECOY_108,108,INDAHQVTLCLLSTN,15,-1,success,../data/training_dataset/structures/DECOY/DECOY_108.pdb,0.38,2026-01-15T18:04:34.607228
DECOY_109,109,TMSVVFGINAVVLAL,15,-1,success,../data/training_dataset/structures/DECOY/DECOY_109.pdb,0.39,2026-01-15T18:04:34.996532
DECOY_110,110,TGLYASNPHEALALE,15,-1,success,../data/training_dataset/structures/DECOY/DECOY_110.pdb,0.41,2026-01-15T18:04:35.410253
DECOY_111,111,SPARGVALGLYGLYG,15,-1,success,../data/training_dataset/structures/DECOY/DECOY_111.pdb,0.38,2026-01-15T18:04:35.797317
DECOY_112,112,EEASEIALVLRSGSL,15,-1,success,../data/training_dataset/structures/DECOY/DECOY_112.pdb,0.38,2026-01-15T18:04:36.186960
DECOY_113,113,GLYGLYGLYALAPHE,15,-1,success,../data/training_dataset/structures/DECOY/DECOY_113.pdb,0.48,2026-01-15T18:04:36.666474
DECOY_114,114,GGAFMIPYIIAFLLV,15,-1,success,../data/training_dataset/structures/DECOY/DECOY_114.pdb,0.44,2026-01-15T18:04:37.108156
DECOY_115,115,HRTRPVALTHRPHEG,15,-1,success,../data/training_dataset/structures/DECOY/DECOY_115.pdb,0.47,2026-01-15T18:04:37.581551
DECOY_116,116,CYIIVVFLANNIWSYA,16,-1,success,../data/training_dataset/structures/DECOY/DECOY_116.pdb,0.47,2026-01-15T18:04:38.054315
DECOY_117,117,FLFVLAPLISVVFALL,16,-1,success,../data/training_dataset/structures/DECOY/DECOY_117.pdb,0.47,2026-01-15T18:04:38.526929
DECOY_118,118,FLFPFLIILTSYTLIW,16,-1,success,../data/training_dataset/structures/DECOY/DECOY_118.pdb,0.46,2026-01-15T18:04:38.994187
DECOY_119,119,NYRQYLTFKTHKDLMR,16,-1,success,../data/training_dataset/structures/DECOY/DECOY_119.pdb,0.47,2026-01-15T18:04:39.466233
DECOY_120,120,PGAIVVGFVQPHKNLE,16,-1,success,../data/training_dataset/structures/DECOY/DECOY_120.pdb,0.4,2026-01-15T18:04:39.867246
DECOY_121,121,SDERRLELERLFASEL,16,-1,success,../data/training_dataset/structures/DECOY/DECOY_121.pdb,0.39,2026-01-15T18:04:40.257032
DECOY_122,122,GLQKGVKIASDVRTYL,16,-1,success,../data/training_dataset/structures/DECOY/DECOY_122.pdb,0.41,2026-01-15T18:04:40.672341
DECOY_123,123,SPHESERTYRTYRGLN,16,-1,success,../data/training_dataset/structures/DECOY/DECOY_123.pdb,0.47,2026-01-15T18:04:41.144304
DECOY_124,124,GSEMMKLVGWAQSVVT,16,-1,success,../data/training_dataset/structures/DECOY/DECOY_124.pdb,0.45,2026-01-15T18:04:41.596829
DECOY_125,125,STWVIGGAAIFAILLS,16,-1,success,../data/training_dataset/structures/DECOY/DECOY_125.pdb,0.39,2026-01-15T18:04:41.992916
DECOY_126,126,STYRTHRASPGLNARG,16,-1,success,../data/training_dataset/structures/DECOY/DECOY_126.pdb,0.41,2026-01-15T18:04:42.407722
DECOY_127,127,RTGVYILVGVVLWTAV,16,-1,success,../data/training_dataset/structures/DECOY/DECOY_127.pdb,0.47,2026-01-15T18:04:42.882296
DECOY_128,128,GVVPAALAVTVGIEILK,17,-1,success,../data/training_dataset/structures/DECOY/DECOY_128.pdb,0.45,2026-01-15T18:04:43.341249
DECOY_129,129,KKAYEVAGLLGDIGGQM,17,-1,success,../data/training_dataset/structures/DECOY/DECOY_129.pdb,0.39,2026-01-15T18:04:43.739849
DECOY_130,130,LRPQQKRTKEHKKLMDS,17,-1,success,../data/training_dataset/structures/DECOY/DECOY_130.pdb,0.47,2026-01-15T18:04:44.219494
DECOY_131,131,YRTYRPHEMETLYSASP,17,-1,success,../data/training_dataset/structures/DECOY/DECOY_131.pdb,0.39,2026-01-15T18:04:44.615482
DECOY_132,132,ELLYTTPLVEAFEGTNF,17,-1,success,../data/training_dataset/structures/DECOY/DECOY_132.pdb,0.43,2026-01-15T18:04:45.050928
DECOY_133,133,KRKEIVESFRTVKRLIS,17,-1,success,../data/training_dataset/structures/DECOY/DECOY_133.pdb,0.47,2026-01-15T18:04:45.529162
DECOY_134,134,SPEQLSAYKHSLVLSVQ,17,-1,success,../data/training_dataset/structures/DECOY/DECOY_134.pdb,0.48,2026-01-15T18:04:46.010910
DECOY_135,135,NPSRDLGSRFLSLIAYG,17,-1,success,../data/training_dataset/structures/DECOY/DECOY_135.pdb,0.41,2026-01-15T18:04:46.421429
DECOY_136,136,GAATNVIFGLALGYKSV,17,-1,success,../data/training_dataset/structures/DECOY/DECOY_136.pdb,0.4,2026-01-15T18:04:46.827493
DECOY_137,137,PVAGLIIVGILMTIFQLS,18,-1,success,../data/training_dataset/structures/DECOY/DECOY_137.pdb,0.39,2026-01-15T18:04:47.225729
DECOY_138,138,TAIAAFYMPVTIMTILYW,18,-1,success,../data/training_dataset/structures/DECOY/DECOY_138.pdb,0.4,2026-01-15T18:04:47.630568
DECOY_139,139,GILEGLYALAARGASPLY,18,-1,success,../data/training_dataset/structures/DECOY/DECOY_139.pdb,0.4,2026-01-15T18:04:48.034383
DECOY_140,140,PHETHRGLYASNTRPGLY,18,-1,success,../data/training_dataset/structures/DECOY/DECOY_140.pdb,0.43,2026-01-15T18:04:48.467024
DECOY_141,141,RMAVMLGALLMAIGHVVL,18,-1,success,../data/training_dataset/structures/DECOY/DECOY_141.pdb,0.4,2026-01-15T18:04:48.870437
DECOY_142,142,PMMGIMQAMQPIVGYNYG,18,-1,success,../data/training_dataset/structures/DECOY/DECOY_142.pdb,0.4,2026-01-15T18:04:49.274349
DECOY_143,143,ISLPWKVLLVMLLALITL,18,-1,success,../data/training_dataset/structures/DECOY/DECOY_143.pdb,0.4,2026-01-15T18:04:49.678941
DECOY_144,144,VALLVVFTWSIAMVVWGR,18,-1,success,../data/training_dataset/structures/DECOY/DECOY_144.pdb,0.39,2026-01-15T18:04:50.074634
DECOY_145,145,TAKFLAIWWCLLAFIASG,18,-1,success,../data/training_dataset/structures/DECOY/DECOY_145.pdb,0.39,2026-01-15T18:04:50.472032
DECOY_146,146,IGLILTALIAGFIFKVVFN,19,-1,success,../data/training_dataset/structures/DECOY/DECOY_146.pdb,0.4,2026-01-15T18:04:50.878233
DECOY_147,147,YSERHISHISHISHISHIS,19,-1,success,../data/training_dataset/structures/DECOY/DECOY_147.pdb,0.48,2026-01-15T18:04:51.358328
DECOY_148,148,DLYHQQHTLRLLRQLTRQE,19,-1,success,../data/training_dataset/structures/DECOY/DECOY_148.pdb,0.48,2026-01-15T18:04:51.843245
DECOY_149,149,THRILELYSTHRILEILEG,19,-1,success,../data/training_dataset/structures/DECOY/DECOY_149.pdb,0.39,2026-01-15T18:04:52.236057
DECOY_150,150,FLFPLALLWFLVTALVVAL,19,-1,success,../data/training_dataset/structures/DECOY/DECOY_150.pdb,0.41,2026-01-15T18:04:52.646688
DECOY_151,151,HHYVAALFFLIPLVALGFA,19,-1,success,../data/training_dataset/structures/DECOY/DECOY_151.pdb,0.4,2026-01-15T18:04:53.046558
DECOY_152,152,SERPHELYSILETHRARGG,19,-1,success,../data/training_dataset/structures/DECOY/DECOY_152.pdb,0.39,2026-01-15T18:04:53.442835
DECOY_153,153,SDEPVFWGLFGAGGMWSAI,19,-1,success,../data/training_dataset/structures/DECOY/DECOY_153.pdb,0.4,2026-01-15T18:04:53.846334
DECOY_154,154,RILEHISILEPHEARGGLY,19,-1,success,../data/training_dataset/structures/DECOY/DECOY_154.pdb,0.43,2026-01-15T18:04:54.283354
DECOY_155,155,QLLGIMVVASVCWLPLLVF,19,-1,success,../data/training_dataset/structures/DECOY/DECOY_155.pdb,0.47,2026-01-15T18:04:54.762020
DECOY_156,156,AAKFALGFAVVAIGFFIYGF,20,-1,success,../data/training_dataset/structures/DECOY/DECOY_156.pdb,0.45,2026-01-15T18:04:55.219580
DECOY_157,157,SERASNVALTYRTHRILELY,20,-1,success,../data/training_dataset/structures/DECOY/DECOY_157.pdb,0.48,2026-01-15T18:04:55.701337
DECOY_158,158,ASPALAGLYSERARGTYRGL,20,-1,success,../data/training_dataset/structures/DECOY/DECOY_158.pdb,0.44,2026-01-15T18:04:56.141238
DECOY_159,159,LVGAMLPFLLRRLGVDPALV,20,-1,success,../data/training_dataset/structures/DECOY/DECOY_159.pdb,0.4,2026-01-15T18:04:56.543235
DECOY_160,160,TTDAALMYDAVHVVSVAVQQ,20,-1,success,../data/training_dataset/structures/DECOY/DECOY_160.pdb,0.4,2026-01-15T18:04:56.949176
DECOY_161,161,PTQPLSILFITGVVFSLITD,20,-1,success,../data/training_dataset/structures/DECOY/DECOY_161.pdb,0.4,2026-01-15T18:04:57.351532
DECOY_162,162,RTNSDTAKIIMIFLCLFAFI,20,-1,success,../data/training_dataset/structures/DECOY/DECOY_162.pdb,0.43,2026-01-15T18:04:57.789935
DECOY_163,163,LATHRVALHISTHRVALGLY,20,-1,success,../data/training_dataset/structures/DECOY/DECOY_163.pdb,0.47,2026-01-15T18:04:58.267895
DECOY_164,164,DPIKFIRKAKDAMITAFVTR,20,-1,success,../data/training_dataset/structures/DECOY/DECOY_164.pdb,0.43,2026-01-15T18:04:58.705593
DECOY_165,165,HRVALASPHISLYSLYSILE,20,-1,success,../data/training_dataset/structures/DECOY/DECOY_165.pdb,0.44,2026-01-15T18:04:59.153631
DECOY_166,166,QRPLATVVVGGLITATALTL,20,-1,success,../data/training_dataset/structures/DECOY/DECOY_166.pdb,0.48,2026-01-15T18:04:59.633679
DECOY_167,167,TLYSILEVALASNASNALAPH,21,-1,success,../data/training_dataset/structures/DECOY/DECOY_167.pdb,0.4,2026-01-15T18:05:00.039367
DECOY_168,168,LTLIFLILASVTWLLSSFVAW,21,-1,success,../data/training_dataset/structures/DECOY/DECOY_168.pdb,0.39,2026-01-15T18:05:00.438208
DECOY_169,169,KKSPSILFIVFSVMSILTFFF,21,-1,success,../data/training_dataset/structures/DECOY/DECOY_169.pdb,0.39,2026-01-15T18:05:00.830201
DECOY_170,170,TPKIAIDVLAVLVPLAAFLLD,21,-1,success,../data/training_dataset/structures/DECOY/DECOY_170.pdb,0.39,2026-01-15T18:05:01.226281
DECOY_171,171,LYTYRPHEALATRPLYSALAG,21,-1,success,../data/training_dataset/structures/DECOY/DECOY_171.pdb,0.39,2026-01-15T18:05:01.622740
DECOY_172,172,HHIWEAFWQVSALGTFLLAYN,21,-1,success,../data/training_dataset/structures/DECOY/DECOY_172.pdb,0.39,2026-01-15T18:05:02.018126
DECOY_173,173,FKALGTTYQPLSGKTSYFHLL,21,-1,success,../data/training_dataset/structures/DECOY/DECOY_173.pdb,0.39,2026-01-15T18:05:02.411758
DECOY_174,174,QTMSLWFLSNAAAQAINAQLV,21,-1,success,../data/training_dataset/structures/DECOY/DECOY_174.pdb,0.39,2026-01-15T18:05:02.808406
DECOY_175,175,GPWNYAIAFAFMITGLLLTMR,21,-1,success,../data/training_dataset/structures/DECOY/DECOY_175.pdb,0.39,2026-01-15T18:05:03.207692
DECOY_176,176,RRNSMLMMNLLAFVSAVLMGF,21,-1,success,../data/training_dataset/structures/DECOY/DECOY_176.pdb,0.4,2026-01-15T18:05:03.609576
DECOY_177,177,TPHETHRASPTHRILEASNLY,21,-1,success,../data/training_dataset/structures/DECOY/DECOY_177.pdb,0.39,2026-01-15T18:05:04.005490
DECOY_178,178,LVYTVFSATDPKRSARDSHVP,21,-1,success,../data/training_dataset/structures/DECOY/DECOY_178.pdb,0.39,2026-01-15T18:05:04.403710
DECOY_179,179,TVPMLLVVGFQSFYLIDYFIH,21,-1,success,../data/training_dataset/structures/DECOY/DECOY_179.pdb,0.39,2026-01-15T18:05:04.800827
DECOY_180,180,NEIKIFMVNLTMADMLFLITL,21,-1,success,../data/training_dataset/structures/DECOY/DECOY_180.pdb,0.39,2026-01-15T18:05:05.198158
DECOY_181,181,TSPIWWGAWGLGLGFLTGGLLY,22,-1,success,../data/training_dataset/structures/DECOY/DECOY_181.pdb,0.4,2026-01-15T18:05:05.601285
DECOY_182,182,TLAGIGHNLLWVTLGNTLSGVV,22,-1,success,../data/training_dataset/structures/DECOY/DECOY_182.pdb,0.44,2026-01-15T18:05:06.047605
DECOY_183,183,APDVSTQVLMAIPLLLLYEISI,22,-1,success,../data/training_dataset/structures/DECOY/DECOY_183.pdb,0.39,2026-01-15T18:05:06.446744
DECOY_184,184,PHETRPILEARGGLYGLNVALS,22,-1,success,../data/training_dataset/structures/DECOY/DECOY_184.pdb,0.41,2026-01-15T18:05:06.858492
DECOY_185,185,GEILEFLAELGAVFLLFMVGLE,22,-1,success,../data/training_dataset/structures/DECOY/DECOY_185.pdb,0.4,2026-01-15T18:05:07.258863
DECOY_186,186,LNARGALAGLYPHEASPVALAR,22,-1,success,../data/training_dataset/structures/DECOY/DECOY_186.pdb,0.42,2026-01-15T18:05:07.684907
DECOY_187,187,FAPFVIGIALLIAHLICIYYTG,22,-1,success,../data/training_dataset/structures/DECOY/DECOY_187.pdb,0.4,2026-01-15T18:05:08.088815
DECOY_188,188,AYYDGWIAREINRKVSLRISRL,22,-1,success,../data/training_dataset/structures/DECOY/DECOY_188.pdb,0.45,2026-01-15T18:05:08.541038
DECOY_189,189,QGVFLAGAMLAAVWLAVASTMK,22,-1,success,../data/training_dataset/structures/DECOY/DECOY_189.pdb,0.43,2026-01-15T18:05:08.972802
DECOY_190,190,SIYVIGPIVGAVLAALTYQYLT,22,-1,success,../data/training_dataset/structures/DECOY/DECOY_190.pdb,0.45,2026-01-15T18:05:09.427979
DECOY_191,191,APEPMTMALSVLVTIEMCNALN,22,-1,success,../data/training_dataset/structures/DECOY/DECOY_191.pdb,0.4,2026-01-15T18:05:09.829443
DECOY_192,192,SMTTLIWIEVLVIGYIEFQRNA,22,-1,success,../data/training_dataset/structures/DECOY/DECOY_192.pdb,0.39,2026-01-15T18:05:10.227805
DECOY_193,193,FTDTINKCAANAARIARLSANN,22,-1,success,../data/training_dataset/structures/DECOY/DECOY_193.pdb,0.39,2026-01-15T18:05:10.623826
DECOY_194,194,MAAAVVLAFIICWLPFHVLTFL,22,-1,success,../data/training_dataset/structures/DECOY/DECOY_194.pdb,0.4,2026-01-15T18:05:11.023858
DECOY_195,195,TWHAAGLYAAWFLGQAALQVWA,22,-1,success,../data/training_dataset/structures/DECOY/DECOY_195.pdb,0.39,2026-01-15T18:05:11.420875
DECOY_196,196,NMFTLIAMGIGVAWIYSMVAVLW,23,-1,success,../data/training_dataset/structures/DECOY/DECOY_196.pdb,0.39,2026-01-15T18:05:11.817769
DECOY_197,197,PNWGWLLVLLVATPALITILFWK,23,-1,success,../data/training_dataset/structures/DECOY/DECOY_197.pdb,0.39,2026-01-15T18:05:12.212330
DECOY_198,198,DARQSEEVLLTAAQSLFAVAILL,23,-1,success,../data/training_dataset/structures/DECOY/DECOY_198.pdb,0.39,2026-01-15T18:05:12.609489
DECOY_199,199,GLIPWLLWLSVFISFSHSMFCIN,23,-1,success,../data/training_dataset/structures/DECOY/DECOY_199.pdb,0.39,2026-01-15T18:05:13.006057
DECOY_200,200,HTIISVALIYMVQVQMSKFSELG,23,-1,success,../data/training_dataset/structures/DECOY/DECOY_200.pdb,0.39,2026-01-15T18:05:13.402092
DECOY_201,201,EQMEQDHLEHHNNIRNNGEGEEF,23,-1,success,../data/training_dataset/structures/DECOY/DECOY_201.pdb,0.4,2026-01-15T18:05:13.809946
DECOY_202,202,SLAMFIFMAIGITLWFFYGVLIK,23,-1,success,../data/training_dataset/structures/DECOY/DECOY_202.pdb,0.39,2026-01-15T18:05:14.205544
DECOY_203,203,MPITICIAYFNNCLNPLFYGFLG,23,-1,success,../data/training_dataset/structures/DECOY/DECOY_203.pdb,0.39,2026-01-15T18:05:14.600094
DECOY_204,204,VTFGVITSIIIWALAILASMPGL,23,-1,success,../data/training_dataset/structures/DECOY/DECOY_204.pdb,0.39,2026-01-15T18:05:14.995586
DECOY_205,205,RPDIGSSLEKLTQQNYLVGVART,23,-1,success,../data/training_dataset/structures/DECOY/DECOY_205.pdb,0.39,2026-01-15T18:05:15.389476
DECOY_206,206,STGLLGNRWFYLVLAVLLMCMIS,23,-1,success,../data/training_dataset/structures/DECOY/DECOY_206.pdb,0.39,2026-01-15T18:05:15.785887
DECOY_207,207,KIPVYFFAQLLGAFVGTSTVYGLY,24,-1,success,../data/training_dataset/structures/DECOY/DECOY_207.pdb,0.4,2026-01-15T18:05:16.189578
DECOY_208,208,PPAAMGAIVAVIGLELAGVAAGMA,24,-1,success,../data/training_dataset/structures/DECOY/DECOY_208.pdb,0.4,2026-01-15T18:05:16.591031
DECOY_209,209,KVFGSFLTLNMFASIFFITCMSVD,24,-1,success,../data/training_dataset/structures/DECOY/DECOY_209.pdb,0.41,2026-01-15T18:05:17.004210
DECOY_210,210,NNDLKLAFIHMEQAAAQLGIDFSS,24,-1,success,../data/training_dataset/structures/DECOY/DECOY_210.pdb,0.43,2026-01-15T18:05:17.434450
DECOY_211,211,NPAQLIMISFGFGFGVMVGVFITY,24,-1,success,../data/training_dataset/structures/DECOY/DECOY_211.pdb,0.42,2026-01-15T18:05:17.856525
DECOY_212,212,MLRTPQFWVLWTAFFSVNFGGLLL,24,-1,success,../data/training_dataset/structures/DECOY/DECOY_212.pdb,0.42,2026-01-15T18:05:18.277923
DECOY_213,213,YVDLGVLYLPFAVFVIVGSANAVN,24,-1,success,../data/training_dataset/structures/DECOY/DECOY_213.pdb,0.41,2026-01-15T18:05:18.693125
DECOY_214,214,VVMFVTYEQLKRALMAAYQSREAP,24,-1,success,../data/training_dataset/structures/DECOY/DECOY_214.pdb,0.4,2026-01-15T18:05:19.100458
DECOY_215,215,DELRLANDTLIYFTSDQGAHVEEV,24,-1,success,../data/training_dataset/structures/DECOY/DECOY_215.pdb,0.4,2026-01-15T18:05:19.505546
DECOY_216,216,KQVFVFCVGLIVVAEIVLWNAQTQ,24,-1,success,../data/training_dataset/structures/DECOY/DECOY_216.pdb,0.4,2026-01-15T18:05:19.908860
DECOY_217,217,YETVRNGGLIFAALAFIVGLIILL,24,-1,success,../data/training_dataset/structures/DECOY/DECOY_217.pdb,0.4,2026-01-15T18:05:20.316749
DECOY_218,218,GNLIVLSVLYKGGLLMGSAHMTVGE,25,-1,success,../data/training_dataset/structures/DECOY/DECOY_218.pdb,0.4,2026-01-15T18:05:20.723497
DECOY_219,219,GILRGEGDANRAMLAMVLGSGLNIV,25,-1,success,../data/training_dataset/structures/DECOY/DECOY_219.pdb,0.41,2026-01-15T18:05:21.133176
DECOY_220,220,DFRFSTVITTLVSMVAGIGLAFFYG,25,-1,success,../data/training_dataset/structures/DECOY/DECOY_220.pdb,0.41,2026-01-15T18:05:21.544376
DECOY_221,221,THRVALGLYTYRPHEPHEGLYGLYA,25,-1,success,../data/training_dataset/structures/DECOY/DECOY_221.pdb,0.44,2026-01-15T18:05:21.990638
DECOY_222,222,NAGQKMMFWSIMSMIFVLLVTGVII,25,-1,success,../data/training_dataset/structures/DECOY/DECOY_222.pdb,0.48,2026-01-15T18:05:22.477707
DECOY_223,223,VSYSKLLSVIVWMLMLLLAVPNIIL,25,-1,success,../data/training_dataset/structures/DECOY/DECOY_223.pdb,0.49,2026-01-15T18:05:22.967050
DECOY_224,224,NFVQAFAVEMVITAILMGLILALTD,25,-1,success,../data/training_dataset/structures/DECOY/DECOY_224.pdb,0.48,2026-01-15T18:05:23.456392
DECOY_225,225,LKSAYYINIAICTIAATAYYAMAVN,25,-1,success,../data/training_dataset/structures/DECOY/DECOY_225.pdb,0.48,2026-01-15T18:05:23.943874
DECOY_226,226,RTRPLYSLYSPHEILETRPASNSER,25,-1,success,../data/training_dataset/structures/DECOY/DECOY_226.pdb,0.4,2026-01-15T18:05:24.352154
DECOY_227,227,LGFALSGISIAYGFSKFIMGSVSDR,25,-1,success,../data/training_dataset/structures/DECOY/DECOY_227.pdb,0.47,2026-01-15T18:05:24.830734
DECOY_228,228,QRIEYKLFSPMAFAVGFALFGALLVA,26,-1,success,../data/training_dataset/structures/DECOY/DECOY_228.pdb,0.41,2026-01-15T18:05:25.243638
DECOY_229,229,PHHSLSVKSSLVILLGTTVIISFCAD,26,-1,success,../data/training_dataset/structures/DECOY/DECOY_229.pdb,0.41,2026-01-15T18:05:25.654299
DECOY_230,230,LQRIGLGLFFGSMAMAVAALVELKRL,26,-1,success,../data/training_dataset/structures/DECOY/DECOY_230.pdb,0.41,2026-01-15T18:05:26.065803
DECOY_231,231,GVGCGVATAIVYWIMLLLLLFYIVTS,26,-1,success,../data/training_dataset/structures/DECOY/DECOY_231.pdb,0.4,2026-01-15T18:05:26.470213
DECOY_232,232,TIFSLPFAYVGALLSRYPFTLADAILM,27,-1,success,../data/training_dataset/structures/DECOY/DECOY_232.pdb,0.4,2026-01-15T18:05:26.876856
DECOY_233,233,GYLKSTKIAANIGKSLALIMLLFGLLS,27,-1,success,../data/training_dataset/structures/DECOY/DECOY_233.pdb,0.4,2026-01-15T18:05:27.281762
DECOY_234,234,TAEERSRVIAYIPLFVASAMFWAIQEQ,27,-1,success,../data/training_dataset/structures/DECOY/DECOY_234.pdb,0.4,2026-01-15T18:05:27.686228
DECOY_235,235,GTLYFLVKGMGVSDPDAKKFYAITTLV,27,-1,success,../data/training_dataset/structures/DECOY/DECOY_235.pdb,0.4,2026-01-15T18:05:28.093831
DECOY_236,236,VIPVIGQVLWYIFVCWMMSIQYLDYPF,27,-1,success,../data/training_dataset/structures/DECOY/DECOY_236.pdb,0.4,2026-01-15T18:05:28.496159
DECOY_237,237,TPAEKKKAAAIMAVGAVVIAVLLAILI,27,-1,success,../data/training_dataset/structures/DECOY/DECOY_237.pdb,0.4,2026-01-15T18:05:28.902017
DECOY_238,238,QPVYATIGSGIVNTAFTVVSLFVVQRA,27,-1,success,../data/training_dataset/structures/DECOY/DECOY_238.pdb,0.4,2026-01-15T18:05:29.307771
DECOY_239,239,GPLRRLVASFTTLTQSFASMDRVFQLID,28,-1,success,../data/training_dataset/structures/DECOY/DECOY_239.pdb,0.4,2026-01-15T18:05:29.710525
DECOY_240,240,HPLKTFYLAITAGVFISIAFVFYITATT,28,-1,success,../data/training_dataset/structures/DECOY/DECOY_240.pdb,0.4,2026-01-15T18:05:30.113163
DECOY_241,241,TPIGRILASIMMLFGIAFIGMITSTITN,28,-1,success,../data/training_dataset/structures/DECOY/DECOY_241.pdb,0.4,2026-01-15T18:05:30.518550
DECOY_242,242,DHGVLIIIAIMIGMLFVQPVMGLLSDRF,28,-1,success,../data/training_dataset/structures/DECOY/DECOY_242.pdb,0.4,2026-01-15T18:05:30.924092
DECOY_243,243,TGVLTGIYMLLSGAIANYLAGVIADQTS,28,-1,success,../data/training_dataset/structures/DECOY/DECOY_243.pdb,0.4,2026-01-15T18:05:31.326557
DECOY_244,244,KGALAVILVLTLTILVFWLGVYAVFFAR,28,-1,success,../data/training_dataset/structures/DECOY/DECOY_244.pdb,0.4,2026-01-15T18:05:31.730136
DECOY_245,245,YYLPAVYILVFIIGFLGNSVAIWMFVFH,28,-1,success,../data/training_dataset/structures/DECOY/DECOY_245.pdb,0.4,2026-01-15T18:05:32.134557
DECOY_246,246,RSVTYTLAQLPCASMALQILWEAARHFLP,29,-1,success,../data/training_dataset/structures/DECOY/DECOY_246.pdb,0.4,2026-01-15T18:05:32.537006
DECOY_247,247,SVSVIIKGTIKTIIGFMLLQAGSGILTST,29,-1,success,../data/training_dataset/structures/DECOY/DECOY_247.pdb,0.4,2026-01-15T18:05:32.938891
DECOY_248,248,ERLSLKRVVWALCFMGSLALLALVCTNRI,29,-1,success,../data/training_dataset/structures/DECOY/DECOY_248.pdb,0.4,2026-01-15T18:05:33.341413
DECOY_249,249,NPLGFWVSSAMAGAYVGLGIILIFTLGNL,29,-1,success,../data/training_dataset/structures/DECOY/DECOY_249.pdb,0.41,2026-01-15T18:05:33.755669
DECOY_250,250,TFDLRFVLFMLLLILLAAGTVALMLLIGKA,30,-1,success,../data/training_dataset/structures/DECOY/DECOY_250.pdb,0.4,2026-01-15T18:05:34.161210
DECOY_251,251,EPLPVLVLLVLLAVYDAISVYRTKHMITLA,30,-1,success,../data/training_dataset/structures/DECOY/DECOY_251.pdb,0.4,2026-01-15T18:05:34.562740
DECOY_252,252,TVRIWGKFALGLGLMSAGFCILTLSARWSA,30,-1,success,../data/training_dataset/structures/DECOY/DECOY_252.pdb,0.4,2026-01-15T18:05:34.964757
DECOY_253,253,LKLFCEARPGMIFWLLMNLSMAAKQYELHG,30,-1,success,../data/training_dataset/structures/DECOY/DECOY_253.pdb,0.4,2026-01-15T18:05:35.365687
DECOY_254,254,NSFLKSILIFTILISSTVLLVGGYWIFKEM,30,-1,success,../data/training_dataset/structures/DECOY/DECOY_254.pdb,0.4,2026-01-15T18:05:35.766687
DECOY_255,255,LFKDIPRTLKREMQKLMYYIPRALGFFLLS,30,-1,success,../data/training_dataset/structures/DECOY/DECOY_255.pdb,0.4,2026-01-15T18:05:36.172861
DECOY_256,256,TMSQHGQLEANKWVTAAWGVATAAIGLTLLL,31,-1,success,../data/training_dataset/structures/DECOY/DECOY_256.pdb,0.4,2026-01-15T18:05:36.576457
DECOY_257,257,FLTPAHGHAAMMGVYGMFAIAVLLYSLRNIV,31,-1,success,../data/training_dataset/structures/DECOY/DECOY_257.pdb,0.4,2026-01-15T18:05:36.980846
DECOY_258,258,QKCTLSISVLLAQTIFLFLIAQKVPETSLNV,31,-1,success,../data/training_dataset/structures/DECOY/DECOY_258.pdb,0.4,2026-01-15T18:05:37.384842
DECOY_259,259,PVNLILEGVSLLSKPVSLGLRLFGNMYAGEL,31,-1,success,../data/training_dataset/structures/DECOY/DECOY_259.pdb,0.4,2026-01-15T18:05:37.789332
DECOY_260,260,NHLCKIASASVSFNLYASVFLLTCLSIDRYLA,32,-1,success,../data/training_dataset/structures/DECOY/DECOY_260.pdb,0.4,2026-01-15T18:05:38.196776
DECOY_261,261,GTAYSARNYGFFWAAKATASIFGGGLGAAIAT,32,-1,success,../data/training_dataset/structures/DECOY/DECOY_261.pdb,0.4,2026-01-15T18:05:38.596810
DECOY_262,262,GKVIDKACFWIALLLFSLGTLAIFLTGHLNQV,32,-1,success,../data/training_dataset/structures/DECOY/DECOY_262.pdb,0.4,2026-01-15T18:05:39.000136
DECOY_263,263,RRKSIYLVIIVLTVFAVSYIPFHVMKTMNLRA,32,-1,success,../data/training_dataset/structures/DECOY/DECOY_263.pdb,0.4,2026-01-15T18:05:39.399555
DECOY_264,264,TLPGIAGLVLTLGAAVDGNVLSFERIKEELRA,32,-1,success,../data/training_dataset/structures/DECOY/DECOY_264.pdb,0.4,2026-01-15T18:05:39.802963
DECOY_265,265,VIIPIFAIAISIFVSFTFAAMYGIAVAALGML,32,-1,success,../data/training_dataset/structures/DECOY/DECOY_265.pdb,0.4,2026-01-15T18:05:40.208718
DECOY_266,266,REFKTAKSLFLVLFLFALSWLPLSIINCIIYF,32,-1,success,../data/training_dataset/structures/DECOY/DECOY_266.pdb,0.4,2026-01-15T18:05:40.612875
DECOY_267,267,TSEQAEELHKHVIDGTRVFLVIAAIAHFLAFTL,33,-1,success,../data/training_dataset/structures/DECOY/DECOY_267.pdb,0.4,2026-01-15T18:05:41.015458
DECOY_268,268,AVALMETSERALASERALAGLYILEVALGLYME,33,-1,success,../data/training_dataset/structures/DECOY/DECOY_268.pdb,0.4,2026-01-15T18:05:41.416142
DECOY_269,269,HFYSCLFMTCLLLIFTHASIMSLLAIAVDRYLR,33,-1,success,../data/training_dataset/structures/DECOY/DECOY_269.pdb,0.42,2026-01-15T18:05:41.839910
DECOY_270,270,IKLMFGFKKEEGYGKWFAGNLASGGAAGALSLL,33,-1,success,../data/training_dataset/structures/DECOY/DECOY_270.pdb,0.4,2026-01-15T18:05:42.244134
DECOY_271,271,SMWTTIICTAILVSLYWGITSNMMYKPTQEVTD,33,-1,success,../data/training_dataset/structures/DECOY/DECOY_271.pdb,0.4,2026-01-15T18:05:42.645992
DECOY_272,272,IGENLVHQVPKETIQALISYPIFFALVGLGCSM,33,-1,success,../data/training_dataset/structures/DECOY/DECOY_272.pdb,0.4,2026-01-15T18:05:43.049016
DECOY_273,273,AFLGAAIAAGLAAVAGAIAVAIIVKATIEGTTRQ,34,-1,success,../data/training_dataset/structures/DECOY/DECOY_273.pdb,0.4,2026-01-15T18:05:43.452241
DECOY_274,274,GLYTHRVALPHEVALPHEPHEILEVALVALILEAL,35,-1,success,../data/training_dataset/structures/DECOY/DECOY_274.pdb,0.39,2026-01-15T18:05:43.851282
DECOY_275,275,VGYKNYRYRAGFVLAPIGLVLIVGGYFLIRGVMTL,35,-1,success,../data/training_dataset/structures/DECOY/DECOY_275.pdb,0.4,2026-01-15T18:05:44.258469
DECOY_276,276,SHISHISHISHISHISHISHISHISSERSERGLYHI,36,-1,success,../data/training_dataset/structures/DECOY/DECOY_276.pdb,0.4,2026-01-15T18:05:44.658226
DECOY_277,277,IRLGPIVGIAFFILLGAAALSSAVSLLEVPVAYFMRK,37,-1,success,../data/training_dataset/structures/DECOY/DECOY_277.pdb,0.4,2026-01-15T18:05:45.062887
DECOY_278,278,VYASNLNLIYNLADFVNKILFGLIIWNVAVKESSNAK,37,-1,success,../data/training_dataset/structures/DECOY/DECOY_278.pdb,0.4,2026-01-15T18:05:45.469500
DECOY_279,279,ENLNMDLLYMAAAVMMGLAAIGAAIGIGILGGKFLEGA,38,-1,success,../data/training_dataset/structures/DECOY/DECOY_279.pdb,0.4,2026-01-15T18:05:45.869691
DECOY_280,280,GIWVSGLGPESLAAVGLFFPVFMGIIALAAGLGVGTSSA,39,-1,success,../data/training_dataset/structures/DECOY/DECOY_280.pdb,0.4,2026-01-15T18:05:46.271163
DECOY_281,281,TPLVTGFLLGAEFVGGVLIGTVLSGAMLAILTANSGGAW,39,-1,success,../data/training_dataset/structures/DECOY/DECOY_281.pdb,0.39,2026-01-15T18:05:46.669132
DECOY_282,282,ARRIGARDKEGADNVAVHSLILSLILGVTITITMLPAID,39,-1,success,../data/training_dataset/structures/DECOY/DECOY_282.pdb,0.44,2026-01-15T18:05:47.113578
DECOY_283,283,RLAPLYASARALWLLVALAALGLLAHFLPAALRAALLGR,39,-1,success,../data/training_dataset/structures/DECOY/DECOY_283.pdb,0.39,2026-01-15T18:05:47.512284
DECOY_284,284,NFSTIVAAVEEGRAIYNNMKQFIRYLISSNVGEVVCIFLTAALG,44,-1,success,../data/training_dataset/structures/DECOY/DECOY_284.pdb,0.44,2026-01-15T18:05:47.961261
DECOY_285,285,LLPRYMLILGTIYALTSLLFWLQGKIMLTLSQDVVFRLRKELFEKLQ,47,-1,success,../data/training_dataset/structures/DECOY/DECOY_285.pdb,0.4,2026-01-15T18:05:48.367857
DECOY_286,286,EERVRKSAETLLRVFDGLAEAMYLIVGGVMQYAPIGVFALIAYVMAEQG,49,-1,success,../data/training_dataset/structures/DECOY/DECOY_286.pdb,0.4,2026-01-15T18:05:48.769989
