peptide_id,sequence,label,length,pdb_path
AMP_1,KFFKKLKKAVKKGFKKFAKV,1,20,data/training_dataset/StaPep/structures/AMP/structure_1.pdb
AMP_2,KFFKKLKKAVKKGFKKFAKV,1,20,data/training_dataset/StaPep/structures/AMP/structure_2.pdb
AMP_3,KFFKKLKKAVKKGFKKFAKV,1,20,data/training_dataset/StaPep/structures/AMP/structure_3.pdb
AMP_4,KFFKKLKKAVKKGFKKFAKV,1,20,data/training_dataset/StaPep/structures/AMP/structure_4.pdb
AMP_5,KFFKKLKKAVKKGFKKFAKV,1,20,data/training_dataset/StaPep/structures/AMP/structure_5.pdb
AMP_6,KFFKKLKKAVKKGFKKFAKV,1,20,data/training_dataset/StaPep/structures/AMP/structure_6.pdb
AMP_7,KFFKKLKKAVKKGFKKFAKV,1,20,data/training_dataset/StaPep/structures/AMP/structure_7.pdb
AMP_8,KFFKKLKKAVKKGFKKFAKV,1,20,data/training_dataset/StaPep/structures/AMP/structure_8.pdb
AMP_9,KFFKKLKKAVKKGFKKFAKV,1,20,data/training_dataset/StaPep/structures/AMP/structure_9.pdb
AMP_10,KFFKKLKKAVKKGFKKFAKV,1,20,data/training_dataset/StaPep/structures/AMP/structure_10.pdb
AMP_11,KFFKKLKKAVKKGFKKFAKV,1,20,data/training_dataset/StaPep/structures/AMP/structure_11.pdb
AMP_12,KFFKKLKKAVKKGFKKFAKV,1,20,data/training_dataset/StaPep/structures/AMP/structure_12.pdb
AMP_13,KFFKKLKKAVKKGFKKFAKV,1,20,data/training_dataset/StaPep/structures/AMP/structure_13.pdb
AMP_14,KKKKKKAAFXAWAXFAA,1,17,data/training_dataset/StaPep/structures/AMP/structure_14.pdb
AMP_15,KKKKKKAGFXAWAXFGA,1,17,data/training_dataset/StaPep/structures/AMP/structure_15.pdb
AMP_16,KKKKKKAGFXAWGXFGA,1,17,data/training_dataset/StaPep/structures/AMP/structure_16.pdb
AMP_17,KKKKKKNGFXAWGXFGA,1,17,data/training_dataset/StaPep/structures/AMP/structure_17.pdb
AMP_18,VNWKKXLGKXIKVVK,1,15,data/training_dataset/StaPep/structures/AMP/structure_18.pdb
AMP_19,VNWKKILGKXIKVXK,1,15,data/training_dataset/StaPep/structures/AMP/structure_19.pdb
AMP_20,VXWKKXLGKIIKVVK,1,15,data/training_dataset/StaPep/structures/AMP/structure_20.pdb
AMP_21,VNXKKIXGKXIKVXK,1,15,data/training_dataset/StaPep/structures/AMP/structure_21.pdb
AMP_22,VNZKKILGKXIKVVK,1,15,data/training_dataset/StaPep/structures/AMP/structure_22.pdb
AMP_23,VNZKKILGKXIKVVK,1,15,data/training_dataset/StaPep/structures/AMP/structure_23.pdb
AMP_24,VNXKKIXPKXIKVXK,1,15,data/training_dataset/StaPep/structures/AMP/structure_24.pdb
AMP_25,VNXKKIXPKXIKVXK,1,15,data/training_dataset/StaPep/structures/AMP/structure_25.pdb
AMP_26,GFLSILKKVLPKXJAHXK,1,18,data/training_dataset/StaPep/structures/AMP/structure_26.pdb
AMP_27,GFLSXLKKXLPKVJAHJK,1,18,data/training_dataset/StaPep/structures/AMP/structure_27.pdb
AMP_28,GFLSXLKKXLPKXJAHXK,1,18,data/training_dataset/StaPep/structures/AMP/structure_28.pdb
AMP_29,GFZSILKKVXPKVJAHJK,1,18,data/training_dataset/StaPep/structures/AMP/structure_29.pdb
AMP_30,GFZSILKKVXPKVJAHJK,1,18,data/training_dataset/StaPep/structures/AMP/structure_30.pdb
AMP_31,GFLSXLKKXLGKXJAHXK,1,18,data/training_dataset/StaPep/structures/AMP/structure_31.pdb
AMP_32,GFLSXLKKXLAKXJAHXK,1,18,data/training_dataset/StaPep/structures/AMP/structure_32.pdb
AMP_33,IDWKKLLKAAKGIL,1,14,data/training_dataset/StaPep/structures/AMP/structure_33.pdb
AMP_34,IKWKKLLGAAKQIL,1,14,data/training_dataset/StaPep/structures/AMP/structure_34.pdb
AMP_35,XIGKXLHSAKKFGKAFVGEIJNS,1,23,data/training_dataset/StaPep/structures/AMP/structure_35.pdb
AMP_36,GXGKFXHSAKKFGKAFVGEIJNS,1,23,data/training_dataset/StaPep/structures/AMP/structure_36.pdb
AMP_37,GIXKFLXSAKKFGKAFVGEIJNS,1,23,data/training_dataset/StaPep/structures/AMP/structure_37.pdb
AMP_38,GIGXFLHXAKKFGKAFVGEIJNS,1,23,data/training_dataset/StaPep/structures/AMP/structure_38.pdb
AMP_39,GIGKXLHSXKKFGKAFVGEIJNS,1,23,data/training_dataset/StaPep/structures/AMP/structure_39.pdb
AMP_40,GIGKFXHSAXKFGKAFVGEIJNS,1,23,data/training_dataset/StaPep/structures/AMP/structure_40.pdb
AMP_41,GIGKFLXSAKXFGKAFVGEIJNS,1,23,data/training_dataset/StaPep/structures/AMP/structure_41.pdb
AMP_42,GIGKFLHXAKKXGKAFVGEIJNS,1,23,data/training_dataset/StaPep/structures/AMP/structure_42.pdb
AMP_43,GIGKFLHSXKKFXKAFVGEIJNS,1,23,data/training_dataset/StaPep/structures/AMP/structure_43.pdb
AMP_44,GIGKFLHSAXKFGXAFVGEIJNS,1,23,data/training_dataset/StaPep/structures/AMP/structure_44.pdb
AMP_45,GIGKFLHSAKXFGKXFVGEIJNS,1,23,data/training_dataset/StaPep/structures/AMP/structure_45.pdb
AMP_46,GIGKFLHSAKKXGKAXVGEIJNS,1,23,data/training_dataset/StaPep/structures/AMP/structure_46.pdb
AMP_47,GIGKFLHSAKKFXKAFXGEIJNS,1,23,data/training_dataset/StaPep/structures/AMP/structure_47.pdb
AMP_48,GIGKFLHSAKKFGXAFVXEIJNS,1,23,data/training_dataset/StaPep/structures/AMP/structure_48.pdb
AMP_49,GIGKFLHSAKKFGKXFVGXIJNS,1,23,data/training_dataset/StaPep/structures/AMP/structure_49.pdb
AMP_50,GIGKFLHSAKKFGKAXVGEXJNS,1,23,data/training_dataset/StaPep/structures/AMP/structure_50.pdb
AMP_51,GIGKFLHSAKKFGKAFXGEIXNS,1,23,data/training_dataset/StaPep/structures/AMP/structure_51.pdb
AMP_52,GIGKFLHSAKKFGKAFVXEIJXS,1,23,data/training_dataset/StaPep/structures/AMP/structure_52.pdb
AMP_53,GIGKFLHSAKKFGKAFVGXIJNX,1,23,data/training_dataset/StaPep/structures/AMP/structure_53.pdb
AMP_54,KIGKFLHSAKKFGKAXVGEXJNS,1,23,data/training_dataset/StaPep/structures/AMP/structure_54.pdb
AMP_55,GKGKFLHSAKKFGKAXVGEXJNS,1,23,data/training_dataset/StaPep/structures/AMP/structure_55.pdb
AMP_56,GIKKFLHSAKKFGKAXVGEXJNS,1,23,data/training_dataset/StaPep/structures/AMP/structure_56.pdb
AMP_57,GIGKKLHSAKKFGKAXVGEXJNS,1,23,data/training_dataset/StaPep/structures/AMP/structure_57.pdb
AMP_58,GIGKFKHSAKKFGKAXVGEXJNS,1,23,data/training_dataset/StaPep/structures/AMP/structure_58.pdb
AMP_59,GIGKFLKSAKKFGKAXVGEXJNS,1,23,data/training_dataset/StaPep/structures/AMP/structure_59.pdb
AMP_60,GIGKFLHKAKKFGKAXVGEXJNS,1,23,data/training_dataset/StaPep/structures/AMP/structure_60.pdb
AMP_61,GIGKFLHSKKKFGKAXVGEXJNS,1,23,data/training_dataset/StaPep/structures/AMP/structure_61.pdb
AMP_62,GIGKFLHSAKKKGKAXVGEXJNS,1,23,data/training_dataset/StaPep/structures/AMP/structure_62.pdb
AMP_63,GIGKFLHSAKKFKKAXVGEXJNS,1,23,data/training_dataset/StaPep/structures/AMP/structure_63.pdb
AMP_64,GIGKFLHSAKKFGKKXVGEXJNS,1,23,data/training_dataset/StaPep/structures/AMP/structure_64.pdb
AMP_65,GIGKFLHSAKKFGKAXKGEXJNS,1,23,data/training_dataset/StaPep/structures/AMP/structure_65.pdb
AMP_66,GIGKFLHSAKKFGKAXVKEXJNS,1,23,data/training_dataset/StaPep/structures/AMP/structure_66.pdb
AMP_67,GIGKFLHSAKKFGKAXVGKXJNS,1,23,data/training_dataset/StaPep/structures/AMP/structure_67.pdb
AMP_68,GIGKFLHSAKKFGKAXVGEXKNS,1,23,data/training_dataset/StaPep/structures/AMP/structure_68.pdb
AMP_69,GIGKFLHSAKKFGKAXVGEXJKS,1,23,data/training_dataset/StaPep/structures/AMP/structure_69.pdb
AMP_70,GIGKFLHSAKKFGKAXVGEXJNK,1,23,data/training_dataset/StaPep/structures/AMP/structure_70.pdb
AMP_71,GXGSFXKKKAHVGKHXGKAXLTHYL,1,25,data/training_dataset/StaPep/structures/AMP/structure_71.pdb
AMP_72,GXRKRXRKFRNKIKEKKKKIGQKXQGLXPKLA,1,32,data/training_dataset/StaPep/structures/AMP/structure_72.pdb
AMP_73,GXGKFXHSKKKFGKAXVGEXBNS,1,23,data/training_dataset/StaPep/structures/AMP/structure_73.pdb
AMP_74,GXFSKXKGKKIKNLXISGXKG,1,21,data/training_dataset/StaPep/structures/AMP/structure_74.pdb
AMP_75,GZGKFLHSXKKFGKAFVGEIJNS,1,23,data/training_dataset/StaPep/structures/AMP/structure_75.pdb
AMP_76,GIZKFLHSAXKFGKAFVGEIJNS,1,23,data/training_dataset/StaPep/structures/AMP/structure_76.pdb
AMP_77,GIGZFLHSAKXFGKAFVGEIJNS,1,23,data/training_dataset/StaPep/structures/AMP/structure_77.pdb
AMP_78,GIGKZLHSAKKXGKAFVGEIJNS,1,23,data/training_dataset/StaPep/structures/AMP/structure_78.pdb
AMP_79,GIGKFZHSAKKFXKAFVGEIJNS,1,23,data/training_dataset/StaPep/structures/AMP/structure_79.pdb
AMP_80,GIGKFLZSAKKFGXAFVGEIJNS,1,23,data/training_dataset/StaPep/structures/AMP/structure_80.pdb
AMP_81,GIGKFLHZAKKFGKXFVGEIJNS,1,23,data/training_dataset/StaPep/structures/AMP/structure_81.pdb
AMP_82,GIGKFLHSZKKFGKAXVGEIJNS,1,23,data/training_dataset/StaPep/structures/AMP/structure_82.pdb
AMP_83,GIGKFLHSAZKFGKAFXGEIJNS,1,23,data/training_dataset/StaPep/structures/AMP/structure_83.pdb
AMP_84,GIGKFLHSAKZFGKAFVXEIJNS,1,23,data/training_dataset/StaPep/structures/AMP/structure_84.pdb
AMP_85,GIGKFLHSAKKZGKAFVGXIJNS,1,23,data/training_dataset/StaPep/structures/AMP/structure_85.pdb
AMP_86,GIGKFLHSAKKFZKAFVGEXJNS,1,23,data/training_dataset/StaPep/structures/AMP/structure_86.pdb
AMP_87,GIGKFLHSAKKFGZAFVGEIXNS,1,23,data/training_dataset/StaPep/structures/AMP/structure_87.pdb
AMP_88,GIGKFLHSAKKFGKZFVGEIJXS,1,23,data/training_dataset/StaPep/structures/AMP/structure_88.pdb
AMP_89,KXWKJXK,1,7,data/training_dataset/StaPep/structures/AMP/structure_89.pdb
AMP_90,RXWKJXK,1,7,data/training_dataset/StaPep/structures/AMP/structure_90.pdb
AMP_91,KXWRJXK,1,7,data/training_dataset/StaPep/structures/AMP/structure_91.pdb
AMP_92,KXWKJXR,1,7,data/training_dataset/StaPep/structures/AMP/structure_92.pdb
AMP_93,RXWRJXK,1,7,data/training_dataset/StaPep/structures/AMP/structure_93.pdb
AMP_94,RXWKJXR,1,7,data/training_dataset/StaPep/structures/AMP/structure_94.pdb
AMP_95,KXWRJXR,1,7,data/training_dataset/StaPep/structures/AMP/structure_95.pdb
AMP_96,RXWRJXR,1,7,data/training_dataset/StaPep/structures/AMP/structure_96.pdb
AMP_97,IDWKKXLDAXKQIL,1,14,data/training_dataset/StaPep/structures/AMP/structure_97.pdb
AMP_98,IDWKKXLNAXKQIL,1,14,data/training_dataset/StaPep/structures/AMP/structure_98.pdb
AMP_99,IDWKKXLDAXKKIL,1,14,data/training_dataset/StaPep/structures/AMP/structure_99.pdb
AMP_100,KXWKAXK,1,7,data/training_dataset/StaPep/structures/AMP/structure_100.pdb
AMP_101,KXWKLXK,1,7,data/training_dataset/StaPep/structures/AMP/structure_101.pdb
AMP_102,KXWKVXK,1,7,data/training_dataset/StaPep/structures/AMP/structure_102.pdb
AMP_103,KXWKIXK,1,7,data/training_dataset/StaPep/structures/AMP/structure_103.pdb
AMP_104,KXWKFXK,1,7,data/training_dataset/StaPep/structures/AMP/structure_104.pdb
AMP_105,KXWKWXK,1,7,data/training_dataset/StaPep/structures/AMP/structure_105.pdb
AMP_106,KXWKEXK,1,7,data/training_dataset/StaPep/structures/AMP/structure_106.pdb
AMP_107,KXWKKXK,1,7,data/training_dataset/StaPep/structures/AMP/structure_107.pdb
AMP_108,WWVXARAXRR,1,10,data/training_dataset/StaPep/structures/AMP/structure_108.pdb
AMP_109,WWVXAFAXRRR,1,11,data/training_dataset/StaPep/structures/AMP/structure_109.pdb
AMP_110,KXWKLXK,1,7,data/training_dataset/StaPep/structures/AMP/structure_110.pdb
AMP_111,KXWKLXKGKXWKLXK,1,15,data/training_dataset/StaPep/structures/AMP/structure_111.pdb
AMP_112,KXWKLXKAKXWKLXK,1,15,data/training_dataset/StaPep/structures/AMP/structure_112.pdb
AMP_113,KXWKLXKBKXWKLXK,1,15,data/training_dataset/StaPep/structures/AMP/structure_113.pdb
AMP_114,KXWKLXKPKXWKLXK,1,15,data/training_dataset/StaPep/structures/AMP/structure_114.pdb
AMP_115,KXWKLXKPKXWKLXK,1,15,data/training_dataset/StaPep/structures/AMP/structure_115.pdb
AMP_116,KXWKAXK,1,7,data/training_dataset/StaPep/structures/AMP/structure_116.pdb
AMP_117,KXWKAXK,1,7,data/training_dataset/StaPep/structures/AMP/structure_117.pdb
AMP_118,KXAKWXK,1,7,data/training_dataset/StaPep/structures/AMP/structure_118.pdb
AMP_119,KXAKWXK,1,7,data/training_dataset/StaPep/structures/AMP/structure_119.pdb
AMP_120,KXWKLXK,1,7,data/training_dataset/StaPep/structures/AMP/structure_120.pdb
AMP_121,KXWKLXK,1,7,data/training_dataset/StaPep/structures/AMP/structure_121.pdb
AMP_122,KXLKWXK,1,7,data/training_dataset/StaPep/structures/AMP/structure_122.pdb
AMP_123,KXLKWXK,1,7,data/training_dataset/StaPep/structures/AMP/structure_123.pdb
AMP_124,KXAKAXKKAAKAAWK,1,15,data/training_dataset/StaPep/structures/AMP/structure_124.pdb
AMP_125,KXAKAXKKXAKAXWK,1,15,data/training_dataset/StaPep/structures/AMP/structure_125.pdb
AMP_126,KXAKAXKKXAKWXAK,1,15,data/training_dataset/StaPep/structures/AMP/structure_126.pdb
AMP_127,KXAKWXKKXAKAXAK,1,15,data/training_dataset/StaPep/structures/AMP/structure_127.pdb
AMP_128,KXWKAXKKXAKAXAK,1,15,data/training_dataset/StaPep/structures/AMP/structure_128.pdb
AMP_129,KXAKWXKKXAKAXAK,1,15,data/training_dataset/StaPep/structures/AMP/structure_129.pdb
AMP_130,KXAKWXKKXAKAXAK,1,15,data/training_dataset/StaPep/structures/AMP/structure_130.pdb
AMP_131,KXWKAXK,1,7,data/training_dataset/StaPep/structures/AMP/structure_131.pdb
AMP_132,KXAKWXK,1,7,data/training_dataset/StaPep/structures/AMP/structure_132.pdb
AMP_133,KXWKLXK,1,7,data/training_dataset/StaPep/structures/AMP/structure_133.pdb
AMP_134,KXLKWXK,1,7,data/training_dataset/StaPep/structures/AMP/structure_134.pdb
AMP_135,KXWAKXA,1,7,data/training_dataset/StaPep/structures/AMP/structure_135.pdb
AMP_136,KXAWKXA,1,7,data/training_dataset/StaPep/structures/AMP/structure_136.pdb
AMP_137,qqrkrkiwsklapdgttlvklvagig,1,26,data/training_dataset/StaPep/structures/AMP/structure_137.pdb
AMP_138,PLIKLRLDRGQF,1,12,data/training_dataset/StaPep/structures/AMP/structure_138.pdb
AMP_139,AAKLLPDLLAAP,1,12,data/training_dataset/StaPep/structures/AMP/structure_139.pdb
AMP_140,KLALKALKKLKADLKLA,1,17,data/training_dataset/StaPep/structures/AMP/structure_140.pdb
AMP_141,XLAAJRHX,1,8,data/training_dataset/StaPep/structures/AMP/structure_141.pdb
AMP_142,ZLAAIRHX,1,8,data/training_dataset/StaPep/structures/AMP/structure_142.pdb
AMP_143,TLKQFXKGVXKWLVK,1,15,data/training_dataset/StaPep/structures/AMP/structure_143.pdb
AMP_144,TLKQFXKGWXKDLVK,1,15,data/training_dataset/StaPep/structures/AMP/structure_144.pdb
AMP_145,TLKQWXKGVXKDLVK,1,15,data/training_dataset/StaPep/structures/AMP/structure_145.pdb
AMP_146,XIKKXLKSAKKFVKAFK,1,17,data/training_dataset/StaPep/structures/AMP/structure_146.pdb
AMP_147,GIKKXLKSXKKFVKAFK,1,17,data/training_dataset/StaPep/structures/AMP/structure_147.pdb
AMP_148,GIKKFLKXAKKXVKAFK,1,17,data/training_dataset/StaPep/structures/AMP/structure_148.pdb
AMP_149,GIKKFLKSXKKFXKAFK,1,17,data/training_dataset/StaPep/structures/AMP/structure_149.pdb
AMP_150,GIKKFLKSAKKXVKAXK,1,17,data/training_dataset/StaPep/structures/AMP/structure_150.pdb
AMP_151,GIKKZLKSAKKXVKAFK,1,17,data/training_dataset/StaPep/structures/AMP/structure_151.pdb
AMP_152,GIKKFLKZAKKFVKXFK,1,17,data/training_dataset/StaPep/structures/AMP/structure_152.pdb
AMP_153,GIKKFLKSZKKFVKAXK,1,17,data/training_dataset/StaPep/structures/AMP/structure_153.pdb
AMP_154,XIKKXLKSAKKFVKAFK,1,17,data/training_dataset/StaPep/structures/AMP/structure_154.pdb
AMP_155,XIKKXLKSAKKFVKAFK,1,17,data/training_dataset/StaPep/structures/AMP/structure_155.pdb
AMP_156,XIKKXLKSAKKFVKAFK,1,17,data/training_dataset/StaPep/structures/AMP/structure_156.pdb
AMP_157,RXWWRXW,1,7,data/training_dataset/StaPep/structures/AMP/structure_157.pdb
AMP_158,WXKWWXK,1,7,data/training_dataset/StaPep/structures/AMP/structure_158.pdb
AMP_159,LXLRLXR,1,7,data/training_dataset/StaPep/structures/AMP/structure_159.pdb
AMP_160,WXRRWXR,1,7,data/training_dataset/StaPep/structures/AMP/structure_160.pdb
AMP_161,GXFAVXKKVASVIKGL,1,16,data/training_dataset/StaPep/structures/AMP/structure_161.pdb
AMP_162,GLFAXIKKXASVIKGL,1,16,data/training_dataset/StaPep/structures/AMP/structure_162.pdb
AMP_163,GLFAVXKKVXSVIKGL,1,16,data/training_dataset/StaPep/structures/AMP/structure_163.pdb
AMP_164,GLFAVIKKXASVXKGL,1,16,data/training_dataset/StaPep/structures/AMP/structure_164.pdb
AMP_165,GLFAVIKKVAXVIKXL,1,16,data/training_dataset/StaPep/structures/AMP/structure_165.pdb
AMP_166,GZFAVIKKXASVIKGL,1,16,data/training_dataset/StaPep/structures/AMP/structure_166.pdb
AMP_167,GLFAVZKKVASVXKGL,1,16,data/training_dataset/StaPep/structures/AMP/structure_167.pdb
AMP_168,IKLSPXTKDXLKKVLKGAIKGAIAVAKMV,1,29,data/training_dataset/StaPep/structures/AMP/structure_168.pdb
AMP_169,IKLSPETKDNLKKVLKGXIKGXIAVAKMV,1,29,data/training_dataset/StaPep/structures/AMP/structure_169.pdb
AMP_170,IKLSPXTKDXLKKVLKGXIKGXIAVAKMV,1,29,data/training_dataset/StaPep/structures/AMP/structure_170.pdb
AMP_171,IKLSKXTKDXLKKVLKGAIKGAIAVAKMV,1,29,data/training_dataset/StaPep/structures/AMP/structure_171.pdb
AMP_172,IKLSPXTKKXLKKVLKGAIKGAIAVAKMV,1,29,data/training_dataset/StaPep/structures/AMP/structure_172.pdb
AMP_173,IKLSKXTKKXLKKVLKGAIKGAIAVAKMV,1,29,data/training_dataset/StaPep/structures/AMP/structure_173.pdb
AMP_174,IKLSKKTKKNLKKVLKGXIKGXIAVAKMV,1,29,data/training_dataset/StaPep/structures/AMP/structure_174.pdb
AMP_175,IKLSKETKKNLKKVLKGXIKGXIAVAKMV,1,29,data/training_dataset/StaPep/structures/AMP/structure_175.pdb
AMP_176,IKLSPXTKKXLKKVLKGXIKGXIAVAKMV,1,29,data/training_dataset/StaPep/structures/AMP/structure_176.pdb
AMP_177,IKLSKXTKKXLKKVLKGXIKGXIAVAKMV,1,29,data/training_dataset/StaPep/structures/AMP/structure_177.pdb
AMP_178,IKLSKETKKNLKKVLKGXIKGXIAVAKMV,1,29,data/training_dataset/StaPep/structures/AMP/structure_178.pdb
AMP_179,IKLSKKTKKNLKKVLKGXIKGXIAVAKMV,1,29,data/training_dataset/StaPep/structures/AMP/structure_179.pdb
AMP_180,KLLKKAGKLLKKZGKLLKKXG,1,21,data/training_dataset/StaPep/structures/AMP/structure_180.pdb
AMP_181,KLLKKZGKLLKKXGKLLKKAG,1,21,data/training_dataset/StaPep/structures/AMP/structure_181.pdb
AMP_182,TIEEQAKTXLDKXNHEAEDLFYQXSLAXWN,1,30,data/training_dataset/StaPep/structures/AMP/structure_182.pdb
AMP_183,TIEEQZKTFLDKXNHEAEDLZYQSSLAXWN,1,30,data/training_dataset/StaPep/structures/AMP/structure_183.pdb
AMP_184,TIEEQAKTXLDKXNHEAEDLZYQSSLAXWN,1,30,data/training_dataset/StaPep/structures/AMP/structure_184.pdb
AMP_185,TIEEQZKTFLDKXNHEAEDLFYQXSLAXWN,1,30,data/training_dataset/StaPep/structures/AMP/structure_185.pdb
AMP_186,IEEQAKTFLDKFNHEKEDLEYQSSLASWNYNTNIT,1,35,data/training_dataset/StaPep/structures/AMP/structure_186.pdb
AMP_187,IEEQAKTFLDKKNHEEEDLFYQSSLASWNYNTNIT,1,35,data/training_dataset/StaPep/structures/AMP/structure_187.pdb
AMP_188,IEEQAKTKLDKENHEAEDLFYQSSLASWNYNTNIT,1,35,data/training_dataset/StaPep/structures/AMP/structure_188.pdb
DECOY_1,TSFEYWALL,0,9,data/training_dataset/StaPep/structures/DECOY/structure_1.pdb
DECOY_2,KKLAKFLVSALKALK,0,15,data/training_dataset/StaPep/structures/DECOY/structure_2.pdb
DECOY_3,KALVKLAALKFKLKS,0,15,data/training_dataset/StaPep/structures/DECOY/structure_3.pdb
DECOY_4,ATTYDFISGRTGRRNAIHD,0,19,data/training_dataset/StaPep/structures/DECOY/structure_4.pdb
DECOY_5,TTYDFISGRTGRRNAIHD,0,18,data/training_dataset/StaPep/structures/DECOY/structure_5.pdb
DECOY_6,TDVTTYDFIASGRTGRRNAIHD,0,22,data/training_dataset/StaPep/structures/DECOY/structure_6.pdb
DECOY_7,TDVTTYDFIASGRTGRRNAIHD,0,22,data/training_dataset/StaPep/structures/DECOY/structure_7.pdb
DECOY_8,YARAAARQARAFMRRRHIVRKRLRRLLQRE,0,30,data/training_dataset/StaPep/structures/DECOY/structure_8.pdb
DECOY_9,TSFEYALL,0,8,data/training_dataset/StaPep/structures/DECOY/structure_9.pdb
DECOY_10,TARAKLAKIKESV,0,13,data/training_dataset/StaPep/structures/DECOY/structure_10.pdb
DECOY_11,RAKKAKIKESV,0,11,data/training_dataset/StaPep/structures/DECOY/structure_11.pdb
DECOY_12,HSDAVFTDNYTRRKQAVKKYLNSILNGK,0,28,data/training_dataset/StaPep/structures/DECOY/structure_12.pdb
DECOY_13,HSDAVFTDNYTRLRKQAVKYLNSILNGK,0,28,data/training_dataset/StaPep/structures/DECOY/structure_13.pdb
DECOY_14,HSDAVFTDNYTRLRKQIAVKYLNILNGK,0,28,data/training_dataset/StaPep/structures/DECOY/structure_14.pdb
DECOY_15,HSDAVFTDNYTRLRKQIAVKKYLSILGK,0,28,data/training_dataset/StaPep/structures/DECOY/structure_15.pdb
DECOY_16,ISFELLDYYESGS,0,13,data/training_dataset/StaPep/structures/DECOY/structure_16.pdb
DECOY_17,IKLSPTKDLKKVLKGAIKGAIAVAKMV,0,27,data/training_dataset/StaPep/structures/DECOY/structure_17.pdb
DECOY_18,IKLSPETKDNLKKVLKGIKGIAVAKMV,0,27,data/training_dataset/StaPep/structures/DECOY/structure_18.pdb
DECOY_19,IKLSPTKDLKKVLKGIKGIAVAKMV,0,25,data/training_dataset/StaPep/structures/DECOY/structure_19.pdb
DECOY_20,IKLSKTKDLKKVLKGAIKGAIAVAKMV,0,27,data/training_dataset/StaPep/structures/DECOY/structure_20.pdb
DECOY_21,IKLSPTKKLKKVLKGAIKGAIAVAKMV,0,27,data/training_dataset/StaPep/structures/DECOY/structure_21.pdb
DECOY_22,IKLSKTKKLKKVLKGAIKGAIAVAKMV,0,27,data/training_dataset/StaPep/structures/DECOY/structure_22.pdb
DECOY_23,IKLSKKTKKNLKKVLKGIKGIAVAKMV,0,27,data/training_dataset/StaPep/structures/DECOY/structure_23.pdb
DECOY_24,IKLSKETKKNLKKVLKGIKGIAVAKMV,0,27,data/training_dataset/StaPep/structures/DECOY/structure_24.pdb
DECOY_25,IKLSPTKKLKKVLKGIKGIAVAKMV,0,25,data/training_dataset/StaPep/structures/DECOY/structure_25.pdb
DECOY_26,IKLSKTKKLKKVLKGIKGIAVAKMV,0,25,data/training_dataset/StaPep/structures/DECOY/structure_26.pdb
DECOY_27,ACLTFHYWAQLS,0,12,data/training_dataset/StaPep/structures/DECOY/structure_27.pdb
DECOY_28,IWIAQELRIGDFNAYYARR,0,19,data/training_dataset/StaPep/structures/DECOY/structure_28.pdb
DECOY_29,IWIAQELDIGDFNAYYARR,0,19,data/training_dataset/StaPep/structures/DECOY/structure_29.pdb
DECOY_30,RLARIVIRAR,0,10,data/training_dataset/StaPep/structures/DECOY/structure_30.pdb
DECOY_31,RLARIVIRVR,0,10,data/training_dataset/StaPep/structures/DECOY/structure_31.pdb
DECOY_32,RLRRLRRLLR,0,10,data/training_dataset/StaPep/structures/DECOY/structure_32.pdb
DECOY_33,RLLRRLRRLR,0,10,data/training_dataset/StaPep/structures/DECOY/structure_33.pdb
DECOY_34,DFTADLEWFAL,0,11,data/training_dataset/StaPep/structures/DECOY/structure_34.pdb
DECOY_35,NFTADLEWFAL,0,11,data/training_dataset/StaPep/structures/DECOY/structure_35.pdb
DECOY_36,DFTANLEWFAL,0,11,data/training_dataset/StaPep/structures/DECOY/structure_36.pdb
DECOY_37,NFTANLEWFAL,0,11,data/training_dataset/StaPep/structures/DECOY/structure_37.pdb
DECOY_38,TAYFLKLGRW,0,10,data/training_dataset/StaPep/structures/DECOY/structure_38.pdb
DECOY_39,ITFDLLYYGP,0,10,data/training_dataset/StaPep/structures/DECOY/structure_39.pdb
DECOY_40,RRIIIRR,0,7,data/training_dataset/StaPep/structures/DECOY/structure_40.pdb
DECOY_41,RRIIIRRC,0,8,data/training_dataset/StaPep/structures/DECOY/structure_41.pdb
DECOY_42,IIIRRC,0,6,data/training_dataset/StaPep/structures/DECOY/structure_42.pdb
DECOY_43,IIRRRIIC,0,8,data/training_dataset/StaPep/structures/DECOY/structure_43.pdb
DECOY_44,ACCLPISTVRVALRRL,0,16,data/training_dataset/StaPep/structures/DECOY/structure_44.pdb
DECOY_45,ALPISTVRVALRRL,0,14,data/training_dataset/StaPep/structures/DECOY/structure_45.pdb
DECOY_46,ACPQILDQHV,0,10,data/training_dataset/StaPep/structures/DECOY/structure_46.pdb
DECOY_47,ACPQILDQHVRVMKALAPYIP,0,21,data/training_dataset/StaPep/structures/DECOY/structure_47.pdb
DECOY_48,ACRRWPILDHVRRVWR,0,16,data/training_dataset/StaPep/structures/DECOY/structure_48.pdb
DECOY_49,ACRRWPILDHVRRVWRALAPYIP,0,23,data/training_dataset/StaPep/structures/DECOY/structure_49.pdb
DECOY_50,SFFDKRSR,0,8,data/training_dataset/StaPep/structures/DECOY/structure_50.pdb
DECOY_51,LAAIRH,0,6,data/training_dataset/StaPep/structures/DECOY/structure_51.pdb
DECOY_52,EDIIRNIARHLAVGDNDRSIW,0,21,data/training_dataset/StaPep/structures/DECOY/structure_52.pdb
DECOY_53,ACLSQETFSDWKLLPENH,0,18,data/training_dataset/StaPep/structures/DECOY/structure_53.pdb
DECOY_54,ACLSQEFSDLWKLPENNH,0,18,data/training_dataset/StaPep/structures/DECOY/structure_54.pdb
DECOY_55,ACLSQTFSDLWLLPENNH,0,18,data/training_dataset/StaPep/structures/DECOY/structure_55.pdb
DECOY_56,ACLSQETFDLWKLLENNH,0,18,data/training_dataset/StaPep/structures/DECOY/structure_56.pdb
DECOY_57,ACLSQETFNLWKLLQNNH,0,18,data/training_dataset/StaPep/structures/DECOY/structure_57.pdb
DECOY_58,ACLSQQTFNLWRLLQNNH,0,18,data/training_dataset/StaPep/structures/DECOY/structure_58.pdb
DECOY_59,ACQSQQTFNLWKLLQNNH,0,18,data/training_dataset/StaPep/structures/DECOY/structure_59.pdb
DECOY_60,ACQSQQTFNLWRLLQNNH,0,18,data/training_dataset/StaPep/structures/DECOY/structure_60.pdb
DECOY_61,ACQSQQTANLWRLLQNNH,0,18,data/training_dataset/StaPep/structures/DECOY/structure_61.pdb
DECOY_62,ACQSQQTANLWRKKQNNH,0,18,data/training_dataset/StaPep/structures/DECOY/structure_62.pdb
DECOY_63,GRKRRQRRR,0,9,data/training_dataset/StaPep/structures/DECOY/structure_63.pdb
DECOY_64,GRKKRRRRR,0,9,data/training_dataset/StaPep/structures/DECOY/structure_64.pdb
DECOY_65,YGRKRRQRR,0,9,data/training_dataset/StaPep/structures/DECOY/structure_65.pdb
DECOY_66,YGRARRQRR,0,9,data/training_dataset/StaPep/structures/DECOY/structure_66.pdb
DECOY_67,YGRARRQRA,0,9,data/training_dataset/StaPep/structures/DECOY/structure_67.pdb
DECOY_68,YGRAARQRA,0,9,data/training_dataset/StaPep/structures/DECOY/structure_68.pdb
DECOY_69,YGRKRRQRR,0,9,data/training_dataset/StaPep/structures/DECOY/structure_69.pdb
DECOY_70,YGRKRRQRR,0,9,data/training_dataset/StaPep/structures/DECOY/structure_70.pdb
DECOY_71,YGRKRRQRR,0,9,data/training_dataset/StaPep/structures/DECOY/structure_71.pdb
DECOY_72,SFKDLWTLK,0,9,data/training_dataset/StaPep/structures/DECOY/structure_72.pdb
DECOY_73,SFKDLWTLKECH,0,12,data/training_dataset/StaPep/structures/DECOY/structure_73.pdb
DECOY_74,ACLFDIKKIAESF,0,13,data/training_dataset/StaPep/structures/DECOY/structure_74.pdb
DECOY_75,ACGFDIKKIAESF,0,13,data/training_dataset/StaPep/structures/DECOY/structure_75.pdb
DECOY_76,ACGLDIIKIAESF,0,13,data/training_dataset/StaPep/structures/DECOY/structure_76.pdb
DECOY_77,ACGLFIIKIAESF,0,13,data/training_dataset/StaPep/structures/DECOY/structure_77.pdb
DECOY_78,ACGLFDIKKAESF,0,13,data/training_dataset/StaPep/structures/DECOY/structure_78.pdb
DECOY_79,ACGLFDIKKIESF,0,13,data/training_dataset/StaPep/structures/DECOY/structure_79.pdb
DECOY_80,ACGLFDIIKIASF,0,13,data/training_dataset/StaPep/structures/DECOY/structure_80.pdb
DECOY_81,ACGLFDIIKIAEF,0,13,data/training_dataset/StaPep/structures/DECOY/structure_81.pdb
DECOY_82,ACGLFDIIKKAES,0,13,data/training_dataset/StaPep/structures/DECOY/structure_82.pdb
DECOY_83,ACTVFTSWEYLWV,0,13,data/training_dataset/StaPep/structures/DECOY/structure_83.pdb
DECOY_84,ACHVFRSWEYLWVKKKKKK,0,19,data/training_dataset/StaPep/structures/DECOY/structure_84.pdb
DECOY_85,NLWAAQRYGRELRSDFVDSFKK,0,22,data/training_dataset/StaPep/structures/DECOY/structure_85.pdb
DECOY_86,GFKLLKAAKALVKTVLF,0,17,data/training_dataset/StaPep/structures/DECOY/structure_86.pdb
DECOY_87,GFKDLLKAAKLVKTVLF,0,17,data/training_dataset/StaPep/structures/DECOY/structure_87.pdb
DECOY_88,GFKDLLKGAAKLVKVLF,0,17,data/training_dataset/StaPep/structures/DECOY/structure_88.pdb
DECOY_89,GFKDLLKGAKALVKVLF,0,17,data/training_dataset/StaPep/structures/DECOY/structure_89.pdb
DECOY_90,ACRRFFGILTNLKTEEGN,0,18,data/training_dataset/StaPep/structures/DECOY/structure_90.pdb
DECOY_91,ACFFGILTNLKTE,0,13,data/training_dataset/StaPep/structures/DECOY/structure_91.pdb
DECOY_92,ACFGILTNLKT,0,11,data/training_dataset/StaPep/structures/DECOY/structure_92.pdb
DECOY_93,ACGILTNLK,0,9,data/training_dataset/StaPep/structures/DECOY/structure_93.pdb
DECOY_94,ACILTNL,0,7,data/training_dataset/StaPep/structures/DECOY/structure_94.pdb
DECOY_95,ACLTN,0,5,data/training_dataset/StaPep/structures/DECOY/structure_95.pdb
DECOY_96,ACILTNLKT,0,9,data/training_dataset/StaPep/structures/DECOY/structure_96.pdb
DECOY_97,ACLTNLKT,0,8,data/training_dataset/StaPep/structures/DECOY/structure_97.pdb
DECOY_98,ACFGILTNL,0,9,data/training_dataset/StaPep/structures/DECOY/structure_98.pdb
DECOY_99,ACFGILTN,0,8,data/training_dataset/StaPep/structures/DECOY/structure_99.pdb
DECOY_100,HKILRLLQGGG,0,11,data/training_dataset/StaPep/structures/DECOY/structure_100.pdb
DECOY_101,HKILRLLQGGGRRRRRRR,0,18,data/training_dataset/StaPep/structures/DECOY/structure_101.pdb
DECOY_102,LLKIKTLL,0,8,data/training_dataset/StaPep/structures/DECOY/structure_102.pdb
DECOY_103,GLKRKTLL,0,8,data/training_dataset/StaPep/structures/DECOY/structure_103.pdb
DECOY_104,GLKRITLL,0,8,data/training_dataset/StaPep/structures/DECOY/structure_104.pdb
DECOY_105,GLLRIKLL,0,8,data/training_dataset/StaPep/structures/DECOY/structure_105.pdb
DECOY_106,GLLKIKTL,0,8,data/training_dataset/StaPep/structures/DECOY/structure_106.pdb
DECOY_107,GLLKRKTL,0,8,data/training_dataset/StaPep/structures/DECOY/structure_107.pdb
DECOY_108,HIKKLKSAKKFVKAFK,0,16,data/training_dataset/StaPep/structures/DECOY/structure_108.pdb
DECOY_109,HGIKKLKSKKFVKAFK,0,16,data/training_dataset/StaPep/structures/DECOY/structure_109.pdb
DECOY_110,HGIKKFLKAKKVKAFK,0,16,data/training_dataset/StaPep/structures/DECOY/structure_110.pdb
DECOY_111,HGIKKFLKSKKFKAFK,0,16,data/training_dataset/StaPep/structures/DECOY/structure_111.pdb
DECOY_112,HGIKKFLKSAKKVKAK,0,16,data/training_dataset/StaPep/structures/DECOY/structure_112.pdb
DECOY_113,HGIKKLKSAKKVKAFK,0,16,data/training_dataset/StaPep/structures/DECOY/structure_113.pdb
DECOY_114,HGIKKFLKAKKFVKFK,0,16,data/training_dataset/StaPep/structures/DECOY/structure_114.pdb
DECOY_115,HGIKKFLKSKKFVKAK,0,16,data/training_dataset/StaPep/structures/DECOY/structure_115.pdb
DECOY_116,IKKLKSAKKFVKAFK,0,15,data/training_dataset/StaPep/structures/DECOY/structure_116.pdb
DECOY_117,IKKLKSAKKFVKAFK,0,15,data/training_dataset/StaPep/structures/DECOY/structure_117.pdb
DECOY_118,IKKLKSAKKFVKAFK,0,15,data/training_dataset/StaPep/structures/DECOY/structure_118.pdb
DECOY_119,IEQAKTFDKFNHEAEDLFYQS,0,21,data/training_dataset/StaPep/structures/DECOY/structure_119.pdb
DECOY_120,IEEQKTFLDKNHEAEDLFYQS,0,21,data/training_dataset/StaPep/structures/DECOY/structure_120.pdb
DECOY_121,IEEQATFLDKFHEAEDLFYQS,0,21,data/training_dataset/StaPep/structures/DECOY/structure_121.pdb
DECOY_122,IEEQAKTFDKFNHEEDLFYQS,0,21,data/training_dataset/StaPep/structures/DECOY/structure_122.pdb
DECOY_123,IEEQAKTFLDKNHEAEDFYQS,0,21,data/training_dataset/StaPep/structures/DECOY/structure_123.pdb
DECOY_124,IEEQAKTFLDKFHEAEDLYQS,0,21,data/training_dataset/StaPep/structures/DECOY/structure_124.pdb
DECOY_125,IEEQAKTFLDKFNHEEDLFYQ,0,21,data/training_dataset/StaPep/structures/DECOY/structure_125.pdb
DECOY_126,HEAEDLFYQS,0,10,data/training_dataset/StaPep/structures/DECOY/structure_126.pdb
DECOY_127,HEEDLYQS,0,8,data/training_dataset/StaPep/structures/DECOY/structure_127.pdb
DECOY_128,IEEQAKTFLDKFNHE,0,15,data/training_dataset/StaPep/structures/DECOY/structure_128.pdb
DECOY_129,IEEQKTFLDKNHE,0,13,data/training_dataset/StaPep/structures/DECOY/structure_129.pdb
DECOY_130,TFDKFNHEEDL,0,11,data/training_dataset/StaPep/structures/DECOY/structure_130.pdb
DECOY_131,TLDKNHEAEDL,0,11,data/training_dataset/StaPep/structures/DECOY/structure_131.pdb
DECOY_132,IEEQAKFLDKFNEAEDLFYQS,0,21,data/training_dataset/StaPep/structures/DECOY/structure_132.pdb
DECOY_133,EIWIAQELRIGDFNAYYA,0,18,data/training_dataset/StaPep/structures/DECOY/structure_133.pdb
DECOY_134,IWIAQELRIGDFNAYYARR,0,19,data/training_dataset/StaPep/structures/DECOY/structure_134.pdb
DECOY_135,IEQAKTFDKFNHEAEDLFYQSSGLGKGDFR,0,30,data/training_dataset/StaPep/structures/DECOY/structure_135.pdb
DECOY_136,ITFDLLYYGP,0,10,data/training_dataset/StaPep/structures/DECOY/structure_136.pdb
DECOY_137,ACISGNASVVNIQKEIDRLNEVAKNLNESLIDLQEL,0,36,data/training_dataset/StaPep/structures/DECOY/structure_137.pdb
DECOY_138,ACDSGIASVVNIQKEIDRLNEVAKNLNESLIDLQEL,0,36,data/training_dataset/StaPep/structures/DECOY/structure_138.pdb
DECOY_139,ACDIGINSVVNIQKEIDRLNEVAKNLNESLIDLQEL,0,36,data/training_dataset/StaPep/structures/DECOY/structure_139.pdb
DECOY_140,ACDISINAVVNIQKEIDRLNEVAKNLNESLIDLQEL,0,36,data/training_dataset/StaPep/structures/DECOY/structure_140.pdb
DECOY_141,ACDISGNASVNIQKEIDRLNEVAKNLNESLIDLQEL,0,36,data/training_dataset/StaPep/structures/DECOY/structure_141.pdb
DECOY_142,ACDISGIASVNIQKEIDRLNEVAKNLNESLIDLQEL,0,36,data/training_dataset/StaPep/structures/DECOY/structure_142.pdb
DECOY_143,ACDISGINSVVIQKEIDRLNEVAKNLNESLIDLQEL,0,36,data/training_dataset/StaPep/structures/DECOY/structure_143.pdb
DECOY_144,ACDISGINAVVNQKEIDRLNEVAKNLNESLIDLQEL,0,36,data/training_dataset/StaPep/structures/DECOY/structure_144.pdb
DECOY_145,ACDISGINASVNIKEIDRLNEVAKNLNESLIDLQEL,0,36,data/training_dataset/StaPep/structures/DECOY/structure_145.pdb
DECOY_146,ACDISGINASVNIQEIDRLNEVAKNLNESLIDLQEL,0,36,data/training_dataset/StaPep/structures/DECOY/structure_146.pdb
DECOY_147,ACDISGINASVVIQKIDRLNEVAKNLNESLIDLQEL,0,36,data/training_dataset/StaPep/structures/DECOY/structure_147.pdb
DECOY_148,ACDISGINASVVNQKEDRLNEVAKNLNESLIDLQEL,0,36,data/training_dataset/StaPep/structures/DECOY/structure_148.pdb
DECOY_149,ACDISGINASVVNIKEIRLNEVAKNLNESLIDLQEL,0,36,data/training_dataset/StaPep/structures/DECOY/structure_149.pdb
DECOY_150,ACDISGINASVVNIQEIDLNEVAKNLNESLIDLQEL,0,36,data/training_dataset/StaPep/structures/DECOY/structure_150.pdb
DECOY_151,ACDISGINASVVNIQKIDRNEVAKNLNESLIDLQEL,0,36,data/training_dataset/StaPep/structures/DECOY/structure_151.pdb
DECOY_152,ACDISGINASVVNIQKEDRLEVAKNLNESLIDLQEL,0,36,data/training_dataset/StaPep/structures/DECOY/structure_152.pdb
DECOY_153,ACDISGINASVVNIQKEIRLNVAKNLNESLIDLQEL,0,36,data/training_dataset/StaPep/structures/DECOY/structure_153.pdb
DECOY_154,ACDISGINASVVNIQKEIDLNEAKNLNESLIDLQEL,0,36,data/training_dataset/StaPep/structures/DECOY/structure_154.pdb
DECOY_155,ACDISGINASVVNIQKEIDRNEVKNLNESLIDLQEL,0,36,data/training_dataset/StaPep/structures/DECOY/structure_155.pdb
DECOY_156,ACDISGINASVVNIQKEIDRLEVANLNESLIDLQEL,0,36,data/training_dataset/StaPep/structures/DECOY/structure_156.pdb
DECOY_157,ACDISGINASVVNIQKEIDRLNVAKLNESLIDLQEL,0,36,data/training_dataset/StaPep/structures/DECOY/structure_157.pdb
DECOY_158,ACDISGINASVVNIQKEIDRLNEAKNNESLIDLQEL,0,36,data/training_dataset/StaPep/structures/DECOY/structure_158.pdb
DECOY_159,ACDISGINASVVNIQKEIDRLNEVKNLESLIDLQEL,0,36,data/training_dataset/StaPep/structures/DECOY/structure_159.pdb
DECOY_160,ACDISGINASVVNIQKEIDRLNEVANLNSLIDLQEL,0,36,data/training_dataset/StaPep/structures/DECOY/structure_160.pdb
DECOY_161,ACDISGINASVVNIQKEIDRLNEVAKLNELIDLQEL,0,36,data/training_dataset/StaPep/structures/DECOY/structure_161.pdb
DECOY_162,ACDISGINASVVNIQKEIDRLNEVAKNNESIDLQEL,0,36,data/training_dataset/StaPep/structures/DECOY/structure_162.pdb
DECOY_163,ACDISGINASVVNIQKEIDRLNEVAKNLESLDLQEL,0,36,data/training_dataset/StaPep/structures/DECOY/structure_163.pdb
DECOY_164,ACDISGINASVVNIQKEIDRLNEVAKNLNSLILQEL,0,36,data/training_dataset/StaPep/structures/DECOY/structure_164.pdb
DECOY_165,ACDISGINASVVNIQKEIDRLNEVAKNLNELIDQEL,0,36,data/training_dataset/StaPep/structures/DECOY/structure_165.pdb
DECOY_166,ACDISGINASVVNIQKEIDRLNEVAKNLNESIDLEL,0,36,data/training_dataset/StaPep/structures/DECOY/structure_166.pdb
DECOY_167,ACDISGINASVVNIQKEIDRLNEVAKNLNESLDLQL,0,36,data/training_dataset/StaPep/structures/DECOY/structure_167.pdb
DECOY_168,ACDISGINASVVNIQKEIDRLNEVAKNLNESLILQE,0,36,data/training_dataset/StaPep/structures/DECOY/structure_168.pdb
DECOY_169,ACISFEWLQYYR,0,12,data/training_dataset/StaPep/structures/DECOY/structure_169.pdb
DECOY_170,ACISFELLDYYESGS,0,15,data/training_dataset/StaPep/structures/DECOY/structure_170.pdb
DECOY_171,ACISFELEDYYESGS,0,15,data/training_dataset/StaPep/structures/DECOY/structure_171.pdb
DECOY_172,ACISFELLDYYESGSKKK,0,18,data/training_dataset/StaPep/structures/DECOY/structure_172.pdb
DECOY_173,ACISFQLLDYYQSGSK,0,16,data/training_dataset/StaPep/structures/DECOY/structure_173.pdb
DECOY_174,ACISFELLDYYEKSGSKD,0,18,data/training_dataset/StaPep/structures/DECOY/structure_174.pdb
DECOY_175,ACISFELLRYYR,0,12,data/training_dataset/StaPep/structures/DECOY/structure_175.pdb
DECOY_176,ISFELLNYYESGS,0,13,data/training_dataset/StaPep/structures/DECOY/structure_176.pdb
DECOY_177,IRFQLLNYYESGS,0,13,data/training_dataset/StaPep/structures/DECOY/structure_177.pdb
DECOY_178,ACRSFRLLDYYESGS,0,15,data/training_dataset/StaPep/structures/DECOY/structure_178.pdb
DECOY_179,ACRRFELLDYYESGS,0,15,data/training_dataset/StaPep/structures/DECOY/structure_179.pdb
DECOY_180,ACRFAELLDYGESGS,0,15,data/training_dataset/StaPep/structures/DECOY/structure_180.pdb
DECOY_181,ACSKELLDYYESGS,0,14,data/training_dataset/StaPep/structures/DECOY/structure_181.pdb
DECOY_182,ACRSFELLDYYGSGS,0,15,data/training_dataset/StaPep/structures/DECOY/structure_182.pdb
DECOY_183,ACISFELLDYYED,0,13,data/training_dataset/StaPep/structures/DECOY/structure_183.pdb
DECOY_184,ACISFEWLQAYEDE,0,14,data/training_dataset/StaPep/structures/DECOY/structure_184.pdb
DECOY_185,AELAVLELA,0,9,data/training_dataset/StaPep/structures/DECOY/structure_185.pdb
DECOY_186,RLIQLEDVEKRKV,0,13,data/training_dataset/StaPep/structures/DECOY/structure_186.pdb
DECOY_187,LIQELEVEKNRKV,0,13,data/training_dataset/StaPep/structures/DECOY/structure_187.pdb
DECOY_188,RLIQELEVEKNRK,0,13,data/training_dataset/StaPep/structures/DECOY/structure_188.pdb
DECOY_189,RLIELEDVENRKV,0,13,data/training_dataset/StaPep/structures/DECOY/structure_189.pdb
DECOY_190,RLIQELDVEKNRV,0,13,data/training_dataset/StaPep/structures/DECOY/structure_190.pdb
DECOY_191,RLQELEDVKNRKV,0,13,data/training_dataset/StaPep/structures/DECOY/structure_191.pdb
DECOY_192,ILGKLLSTAGLLNL,0,14,data/training_dataset/StaPep/structures/DECOY/structure_192.pdb
DECOY_193,AITFDLLYYGP,0,11,data/training_dataset/StaPep/structures/DECOY/structure_193.pdb
DECOY_194,ACAIIILQQLLFIHFRIG,0,18,data/training_dataset/StaPep/structures/DECOY/structure_194.pdb
DECOY_195,ACEIIRLQQLLFIHFRIG,0,18,data/training_dataset/StaPep/structures/DECOY/structure_195.pdb
DECOY_196,ACEAIRIQQLLFIHFRIG,0,18,data/training_dataset/StaPep/structures/DECOY/structure_196.pdb
DECOY_197,ACEAIRILQLLFIHFRIG,0,18,data/training_dataset/StaPep/structures/DECOY/structure_197.pdb
DECOY_198,ACEAIIILQLLFIHFRIG,0,18,data/training_dataset/StaPep/structures/DECOY/structure_198.pdb
DECOY_199,ACEAIIRLQQLFIHFRIG,0,18,data/training_dataset/StaPep/structures/DECOY/structure_199.pdb
DECOY_200,ACEAIIRIQQLFIHFRIG,0,18,data/training_dataset/StaPep/structures/DECOY/structure_200.pdb
DECOY_201,ACEAIRILQLLFIHFRIGRRRRRRRR,0,26,data/training_dataset/StaPep/structures/DECOY/structure_201.pdb
DECOY_202,ACEAIRILQLLFIHFRIGRERERERE,0,26,data/training_dataset/StaPep/structures/DECOY/structure_202.pdb
DECOY_203,ACPQILDQHVRVMK,0,14,data/training_dataset/StaPep/structures/DECOY/structure_203.pdb
DECOY_204,ACPQSIDQHVQRMK,0,14,data/training_dataset/StaPep/structures/DECOY/structure_204.pdb
DECOY_205,AQEVKAATTLLVA,0,13,data/training_dataset/StaPep/structures/DECOY/structure_205.pdb
DECOY_206,KIRRKLSLSKAEKIFGELFK,0,20,data/training_dataset/StaPep/structures/DECOY/structure_206.pdb
DECOY_207,LEKTNSLAKIIQRL,0,14,data/training_dataset/StaPep/structures/DECOY/structure_207.pdb
DECOY_208,IWIAQELRIGDFNAYYARR,0,19,data/training_dataset/StaPep/structures/DECOY/structure_208.pdb
DECOY_209,EIWIAQELRIGDFNAYYA,0,18,data/training_dataset/StaPep/structures/DECOY/structure_209.pdb
DECOY_210,ACEIWIAQELRIGDFNAYYA,0,20,data/training_dataset/StaPep/structures/DECOY/structure_210.pdb
DECOY_211,RRRRRRRRRR,0,10,data/training_dataset/StaPep/structures/DECOY/structure_211.pdb
DECOY_212,LEYANLADQIIKEATE,0,16,data/training_dataset/StaPep/structures/DECOY/structure_212.pdb
DECOY_213,LEQYANLADIIKEATE,0,16,data/training_dataset/StaPep/structures/DECOY/structure_213.pdb
DECOY_214,LEQYANQLADIIKATE,0,16,data/training_dataset/StaPep/structures/DECOY/structure_214.pdb
DECOY_215,LEQYANQLADQIIKATE,0,17,data/training_dataset/StaPep/structures/DECOY/structure_215.pdb
DECOY_216,LQYAQLADQIIKEATEK,0,17,data/training_dataset/StaPep/structures/DECOY/structure_216.pdb
DECOY_217,LEYANLADQIIKEATEK,0,17,data/training_dataset/StaPep/structures/DECOY/structure_217.pdb
DECOY_218,LEQANQADQIIKEATEK,0,17,data/training_dataset/StaPep/structures/DECOY/structure_218.pdb
DECOY_219,PEILDHVQRVM,0,11,data/training_dataset/StaPep/structures/DECOY/structure_219.pdb
DECOY_220,PQILDHVRRVMR,0,12,data/training_dataset/StaPep/structures/DECOY/structure_220.pdb
DECOY_221,PQILDHVRRVWR,0,12,data/training_dataset/StaPep/structures/DECOY/structure_221.pdb
DECOY_222,RWPQILDHVRRVWR,0,14,data/training_dataset/StaPep/structures/DECOY/structure_222.pdb
DECOY_223,RRWPQILDHVRRVWR,0,15,data/training_dataset/StaPep/structures/DECOY/structure_223.pdb
DECOY_224,RRWPRILDHVRRVWR,0,15,data/training_dataset/StaPep/structures/DECOY/structure_224.pdb
DECOY_225,RRWPQILHDVRRVWR,0,15,data/training_dataset/StaPep/structures/DECOY/structure_225.pdb
DECOY_226,RRWPQILHDVRRVAR,0,15,data/training_dataset/StaPep/structures/DECOY/structure_226.pdb
DECOY_227,RRWPRILHDVRRVAR,0,15,data/training_dataset/StaPep/structures/DECOY/structure_227.pdb
DECOY_228,EWATAAKFLAAHA,0,13,data/training_dataset/StaPep/structures/DECOY/structure_228.pdb
DECOY_229,EWATAAKFLAAHA,0,13,data/training_dataset/StaPep/structures/DECOY/structure_229.pdb
DECOY_230,NQLRSFFALDQI,0,12,data/training_dataset/StaPep/structures/DECOY/structure_230.pdb
DECOY_231,TRQARRNRRRRR,0,12,data/training_dataset/StaPep/structures/DECOY/structure_231.pdb
DECOY_232,RRGSRPSGARRRR,0,13,data/training_dataset/StaPep/structures/DECOY/structure_232.pdb
DECOY_233,RRGSRPSGARRRRAAAA,0,17,data/training_dataset/StaPep/structures/DECOY/structure_233.pdb
DECOY_234,DRRQRRRRQRRRR,0,13,data/training_dataset/StaPep/structures/DECOY/structure_234.pdb
DECOY_235,RRQRRDRQRRRRR,0,13,data/training_dataset/StaPep/structures/DECOY/structure_235.pdb
DECOY_236,RRQRRRRQRRRRR,0,13,data/training_dataset/StaPep/structures/DECOY/structure_236.pdb
DECOY_237,TRQRRQRRRWRERQR,0,15,data/training_dataset/StaPep/structures/DECOY/structure_237.pdb
DECOY_238,SELVEAHNLCTLLENAIQDTVREQ,0,24,data/training_dataset/StaPep/structures/DECOY/structure_238.pdb
DECOY_239,SEELVEAHLCTLLENAIQDTVREQ,0,24,data/training_dataset/StaPep/structures/DECOY/structure_239.pdb
DECOY_240,SEELVAEANLCLLENAIQDTVREQ,0,24,data/training_dataset/StaPep/structures/DECOY/structure_240.pdb
DECOY_241,SEELVAEAHLCTLENAIQDTVREQ,0,24,data/training_dataset/StaPep/structures/DECOY/structure_241.pdb
DECOY_242,SEELVAEAHNLCLLEAIQDTVREQ,0,24,data/training_dataset/StaPep/structures/DECOY/structure_242.pdb
DECOY_243,SEELVAEAHNLCTLLEAIQTVREQ,0,24,data/training_dataset/StaPep/structures/DECOY/structure_243.pdb
DECOY_244,SEELVAEAHNLCTLLENAIDTVEQ,0,24,data/training_dataset/StaPep/structures/DECOY/structure_244.pdb
DECOY_245,FSLWKL,0,6,data/training_dataset/StaPep/structures/DECOY/structure_245.pdb
DECOY_246,FMYWKL,0,6,data/training_dataset/StaPep/structures/DECOY/structure_246.pdb
DECOY_247,AMYWKL,0,6,data/training_dataset/StaPep/structures/DECOY/structure_247.pdb
DECOY_248,QTFSLWKL,0,8,data/training_dataset/StaPep/structures/DECOY/structure_248.pdb
DECOY_249,QTFSDWKL,0,8,data/training_dataset/StaPep/structures/DECOY/structure_249.pdb
DECOY_250,PPKKFRLFFS,0,10,data/training_dataset/StaPep/structures/DECOY/structure_250.pdb
DECOY_251,KKFRLFFS,0,8,data/training_dataset/StaPep/structures/DECOY/structure_251.pdb
DECOY_252,RRLFRNLFLT,0,10,data/training_dataset/StaPep/structures/DECOY/structure_252.pdb
DECOY_253,RKFRLFSY,0,8,data/training_dataset/StaPep/structures/DECOY/structure_253.pdb
DECOY_254,RKARLFSY,0,8,data/training_dataset/StaPep/structures/DECOY/structure_254.pdb
DECOY_255,RKFRLF,0,6,data/training_dataset/StaPep/structures/DECOY/structure_255.pdb
DECOY_256,KQKRKFSFFKL,0,11,data/training_dataset/StaPep/structures/DECOY/structure_256.pdb
DECOY_257,KQKRKFSFFKLV,0,12,data/training_dataset/StaPep/structures/DECOY/structure_257.pdb
DECOY_258,KFRLF,0,5,data/training_dataset/StaPep/structures/DECOY/structure_258.pdb
DECOY_259,RKARLF,0,6,data/training_dataset/StaPep/structures/DECOY/structure_259.pdb
DECOY_260,KTYRGAFQLFQVRE,0,14,data/training_dataset/StaPep/structures/DECOY/structure_260.pdb
DECOY_261,STALRLIELVNITQNQKAPL,0,20,data/training_dataset/StaPep/structures/DECOY/structure_261.pdb
DECOY_262,STALRELIELVITQNQKAPL,0,20,data/training_dataset/StaPep/structures/DECOY/structure_262.pdb
DECOY_263,STALRELIEELNITNQKAPL,0,20,data/training_dataset/StaPep/structures/DECOY/structure_263.pdb
DECOY_264,NELKSFFLRDQIPELENNEKAP,0,22,data/training_dataset/StaPep/structures/DECOY/structure_264.pdb
DECOY_265,NELKSFFLRDQI,0,12,data/training_dataset/StaPep/structures/DECOY/structure_265.pdb
DECOY_266,LENRQKLEANRHLL,0,14,data/training_dataset/StaPep/structures/DECOY/structure_266.pdb
DECOY_267,LENRQKKLEANRLL,0,14,data/training_dataset/StaPep/structures/DECOY/structure_267.pdb
DECOY_268,ILASVYIRKLQREQ,0,14,data/training_dataset/StaPep/structures/DECOY/structure_268.pdb
DECOY_269,ILKASDYIKLQREQ,0,14,data/training_dataset/StaPep/structures/DECOY/structure_269.pdb
DECOY_270,FNIDRIELGTLI,0,12,data/training_dataset/StaPep/structures/DECOY/structure_270.pdb
DECOY_271,DHIKSFHLRDSV,0,12,data/training_dataset/StaPep/structures/DECOY/structure_271.pdb
DECOY_272,KNTHQDI,0,7,data/training_dataset/StaPep/structures/DECOY/structure_272.pdb
DECOY_273,DHIKDSFSLRSV,0,12,data/training_dataset/StaPep/structures/DECOY/structure_273.pdb
DECOY_274,YIQNLRRKNHTHQQDIDDLLKRQNALLEQQVRALGG,0,36,data/training_dataset/StaPep/structures/DECOY/structure_274.pdb
DECOY_275,TYRGAAQAAQVREV,0,14,data/training_dataset/StaPep/structures/DECOY/structure_275.pdb
DECOY_276,SYRGAFQLFQVREV,0,14,data/training_dataset/StaPep/structures/DECOY/structure_276.pdb
DECOY_277,TYGAFNLFQSVREV,0,14,data/training_dataset/StaPep/structures/DECOY/structure_277.pdb
DECOY_278,SSVFYYFHVPYFEL,0,14,data/training_dataset/StaPep/structures/DECOY/structure_278.pdb
DECOY_279,ASVFNYFHSVPYFEL,0,15,data/training_dataset/StaPep/structures/DECOY/structure_279.pdb
DECOY_280,ATLFTFYLGGLLG,0,13,data/training_dataset/StaPep/structures/DECOY/structure_280.pdb
DECOY_281,ASSFDFFHTVPYNLL,0,15,data/training_dataset/StaPep/structures/DECOY/structure_281.pdb
DECOY_282,ERLRRRILCRHHST,0,14,data/training_dataset/StaPep/structures/DECOY/structure_282.pdb
DECOY_283,ERLRRRINLCRHHST,0,15,data/training_dataset/StaPep/structures/DECOY/structure_283.pdb
DECOY_284,ERLRRRIFCRHHST,0,14,data/training_dataset/StaPep/structures/DECOY/structure_284.pdb
DECOY_285,ERLRRRLLCRHHST,0,14,data/training_dataset/StaPep/structures/DECOY/structure_285.pdb
DECOY_286,ERLRRRNLLCRHHST,0,15,data/training_dataset/StaPep/structures/DECOY/structure_286.pdb
DECOY_287,ERLRRRFLCRHHST,0,14,data/training_dataset/StaPep/structures/DECOY/structure_287.pdb
DECOY_288,ERNLRRRILCRHHST,0,15,data/training_dataset/StaPep/structures/DECOY/structure_288.pdb
DECOY_289,ERFRRRILCRHHST,0,14,data/training_dataset/StaPep/structures/DECOY/structure_289.pdb
DECOY_290,ERWRRRILCRHHST,0,14,data/training_dataset/StaPep/structures/DECOY/structure_290.pdb
DECOY_291,ERLARRILCRHHST,0,14,data/training_dataset/StaPep/structures/DECOY/structure_291.pdb
DECOY_292,RELRREILCRHHST,0,14,data/training_dataset/StaPep/structures/DECOY/structure_292.pdb
DECOY_293,ENPESILDHVQVM,0,13,data/training_dataset/StaPep/structures/DECOY/structure_293.pdb
DECOY_294,ENPEILDHVQRVM,0,13,data/training_dataset/StaPep/structures/DECOY/structure_294.pdb
DECOY_295,PEILDHVQRVM,0,11,data/training_dataset/StaPep/structures/DECOY/structure_295.pdb
DECOY_296,NPEILDHVQRVM,0,12,data/training_dataset/StaPep/structures/DECOY/structure_296.pdb
DECOY_297,WPEILDHVQRVM,0,12,data/training_dataset/StaPep/structures/DECOY/structure_297.pdb
DECOY_298,KPEILDHVQRVM,0,12,data/training_dataset/StaPep/structures/DECOY/structure_298.pdb
DECOY_299,TRQARNRRRRRR,0,12,data/training_dataset/StaPep/structures/DECOY/structure_299.pdb
DECOY_300,RRRRRQRRRRRR,0,12,data/training_dataset/StaPep/structures/DECOY/structure_300.pdb
DECOY_301,RRGSRPSGARRRRRA,0,15,data/training_dataset/StaPep/structures/DECOY/structure_301.pdb
DECOY_302,RRGSRPSGARRRRRR,0,15,data/training_dataset/StaPep/structures/DECOY/structure_302.pdb
DECOY_303,RRGSRPSGARRRRRAAA,0,17,data/training_dataset/StaPep/structures/DECOY/structure_303.pdb
DECOY_304,RRQRRRRQRRRRR,0,13,data/training_dataset/StaPep/structures/DECOY/structure_304.pdb
DECOY_305,TRQARRNRRRWREQR,0,15,data/training_dataset/StaPep/structures/DECOY/structure_305.pdb
DECOY_306,TRQARRNRRRWREQR,0,15,data/training_dataset/StaPep/structures/DECOY/structure_306.pdb
DECOY_307,RRRRRRRWRR,0,10,data/training_dataset/StaPep/structures/DECOY/structure_307.pdb
DECOY_308,RQIKIWQNRRMKKK,0,14,data/training_dataset/StaPep/structures/DECOY/structure_308.pdb
DECOY_309,RRRRRRRRRR,0,10,data/training_dataset/StaPep/structures/DECOY/structure_309.pdb
DECOY_310,YGRKRRQRRR,0,10,data/training_dataset/StaPep/structures/DECOY/structure_310.pdb
DECOY_311,SELVAEAHLCTLLENAIQDTVREQ,0,24,data/training_dataset/StaPep/structures/DECOY/structure_311.pdb
DECOY_312,SEELVAEAHLCTLLEAIQDTVREQ,0,24,data/training_dataset/StaPep/structures/DECOY/structure_312.pdb
DECOY_313,SEELVAEAHNLCLLENAIDTVREQ,0,24,data/training_dataset/StaPep/structures/DECOY/structure_313.pdb
DECOY_314,SEELVAEAHNLCTLENAIQTVREQ,0,24,data/training_dataset/StaPep/structures/DECOY/structure_314.pdb
DECOY_315,SEELVAEAHNLCTLLEAIQDTVEQ,0,24,data/training_dataset/StaPep/structures/DECOY/structure_315.pdb
DECOY_316,LSQETFDLWKLLEN,0,14,data/training_dataset/StaPep/structures/DECOY/structure_316.pdb
DECOY_317,EEAILMAVSHMSLRGT,0,16,data/training_dataset/StaPep/structures/DECOY/structure_317.pdb
DECOY_318,NELRSFRSLDSI,0,12,data/training_dataset/StaPep/structures/DECOY/structure_318.pdb
DECOY_319,NELRSFRALDSI,0,12,data/training_dataset/StaPep/structures/DECOY/structure_319.pdb
DECOY_320,NELRSFRALDQI,0,12,data/training_dataset/StaPep/structures/DECOY/structure_320.pdb
DECOY_321,NELRSFFSLDQI,0,12,data/training_dataset/StaPep/structures/DECOY/structure_321.pdb
DECOY_322,NELRSFFALDSI,0,12,data/training_dataset/StaPep/structures/DECOY/structure_322.pdb
DECOY_323,WNELRSFRSLDQI,0,13,data/training_dataset/StaPep/structures/DECOY/structure_323.pdb
DECOY_324,NELRSFFALDQI,0,12,data/training_dataset/StaPep/structures/DECOY/structure_324.pdb
DECOY_325,NQRLSFFALDQI,0,12,data/training_dataset/StaPep/structures/DECOY/structure_325.pdb
DECOY_326,NKLRSFFALDQI,0,12,data/training_dataset/StaPep/structures/DECOY/structure_326.pdb
DECOY_327,NKLRSFKALKQI,0,12,data/training_dataset/StaPep/structures/DECOY/structure_327.pdb
DECOY_328,NELRSFFALDQI,0,12,data/training_dataset/StaPep/structures/DECOY/structure_328.pdb
DECOY_329,NELKSFFALRQI,0,12,data/training_dataset/StaPep/structures/DECOY/structure_329.pdb
DECOY_330,NELKSFFALRQIPELENNEKAP,0,22,data/training_dataset/StaPep/structures/DECOY/structure_330.pdb
DECOY_331,NQLRSFFALDQIPELENNEKAP,0,22,data/training_dataset/StaPep/structures/DECOY/structure_331.pdb
DECOY_332,KVILKKATYILS,0,12,data/training_dataset/StaPep/structures/DECOY/structure_332.pdb
DECOY_333,EENAKRRHNALERRR,0,15,data/training_dataset/StaPep/structures/DECOY/structure_333.pdb
DECOY_334,EEAKRRAHAAERARR,0,15,data/training_dataset/StaPep/structures/DECOY/structure_334.pdb
DECOY_335,NQLFSRFALDQI,0,12,data/training_dataset/StaPep/structures/DECOY/structure_335.pdb
DECOY_336,IQDLAFFSRLQN,0,12,data/training_dataset/StaPep/structures/DECOY/structure_336.pdb
DECOY_337,NQLLSFFARDQI,0,12,data/training_dataset/StaPep/structures/DECOY/structure_337.pdb
DECOY_338,NQLRSFFALDQI,0,12,data/training_dataset/StaPep/structures/DECOY/structure_338.pdb
DECOY_339,NQLFSRFALDQI,0,12,data/training_dataset/StaPep/structures/DECOY/structure_339.pdb
DECOY_340,NQLRSFFALDQI,0,12,data/training_dataset/StaPep/structures/DECOY/structure_340.pdb
DECOY_341,NQLRSFFALDQI,0,12,data/training_dataset/StaPep/structures/DECOY/structure_341.pdb
DECOY_342,TILKASVDYIRKLREQQRAEL,0,21,data/training_dataset/StaPep/structures/DECOY/structure_342.pdb
DECOY_343,RNIDRIKELTLI,0,12,data/training_dataset/StaPep/structures/DECOY/structure_343.pdb
DECOY_344,FNIDRIKELTLI,0,12,data/training_dataset/StaPep/structures/DECOY/structure_344.pdb
DECOY_345,FNINRIKELGLI,0,12,data/training_dataset/StaPep/structures/DECOY/structure_345.pdb
DECOY_346,RNIDRIKELTRI,0,12,data/training_dataset/StaPep/structures/DECOY/structure_346.pdb
DECOY_347,FNIDRIKELTRI,0,12,data/training_dataset/StaPep/structures/DECOY/structure_347.pdb
DECOY_348,KATEYIQYNLRRKNTHQQDIDL,0,22,data/training_dataset/StaPep/structures/DECOY/structure_348.pdb
DECOY_349,NQLRSFRALDQI,0,12,data/training_dataset/StaPep/structures/DECOY/structure_349.pdb
DECOY_350,NELRSFFALDQIDQIPAAKRVKLD,0,24,data/training_dataset/StaPep/structures/DECOY/structure_350.pdb
DECOY_351,NELRSFFALDQIDQIPKKKRKV,0,22,data/training_dataset/StaPep/structures/DECOY/structure_351.pdb
DECOY_352,EYIQNLRRKNHHQQDIDDLKRQNALLEQQVRALGG,0,35,data/training_dataset/StaPep/structures/DECOY/structure_352.pdb
DECOY_353,ENPEILDEHVRVM,0,13,data/training_dataset/StaPep/structures/DECOY/structure_353.pdb
DECOY_354,NVKRRHNVLERRRNELRSFFALDQI,0,25,data/training_dataset/StaPep/structures/DECOY/structure_354.pdb
